workerid	trial_number	trial_type	distractor_proportion	feature	target_proportion	incorrect_clicks	species	incorrect_labels	genus	response	language	enjoyment	age	sex	assess	education	screenH	screenUW	screenUH	screenW	OS	Browser	hitid	hittypeid	title	description	keywords	reward	creationtime	assignments	numavailable	numpending	numcomplete	hitstatus	reviewstatus	annotation	assignmentduration	autoapprovaldelay	hitlifetime	viewhit	assignmentid	workerid	assignmentstatus	autoapprovaltime	assignmentaccepttime	assignmentsubmittime	assignmentapprovaltime	assignmentrejecttime	deadline	feedback	reject
0	0	familiarization	0.5	fangs	0.5	0	fish	[]	lide	Lides	English	1	32	Female	Yes	2	704	800	600	1005	Windows	Firefox	3BAKUKE49HCVU2ZVM73JJZ11XMVR1O	39I6UD9LVI4PCHHJTY30PRG1RU36NF	Alien Biodiversity Study 2B	An 8-minute experiment where we ask you about some "alien" species.	language research stanford fun cognitive science university	$0.60	Wed Jun 25 10:53:48 PDT 2014	10	0	0	10	Reviewable	NotReviewed	1 cond	1800	60000	Fri Jul 25 10:53:48 PDT 2014	https://requester.mturk.com/mturk/manageHIT?HITId=3BAKUKE49HCVU2ZVM73JJZ11XMVR1O	3M1CVSFP605UZ9VPVDCEEUFIKJ8AQ4	0	Approved	Thu Jun 26 03:37:44 PDT 2014	Wed Jun 25 10:54:51 PDT 2014	Wed Jun 25 10:57:44 PDT 2014	Wed Jun 25 10:59:27 PDT 2014				
0	1	familiarization	0.5	fangs	0.5	0	fish	[]	moge	Moges	English	1	32	Female	Yes	2	704	800	600	1005	Windows	Firefox	3BAKUKE49HCVU2ZVM73JJZ11XMVR1O	39I6UD9LVI4PCHHJTY30PRG1RU36NF	Alien Biodiversity Study 2B	An 8-minute experiment where we ask you about some "alien" species.	language research stanford fun cognitive science university	$0.60	Wed Jun 25 10:53:48 PDT 2014	10	0	0	10	Reviewable	NotReviewed	1 cond	1800	60000	Fri Jul 25 10:53:48 PDT 2014	https://requester.mturk.com/mturk/manageHIT?HITId=3BAKUKE49HCVU2ZVM73JJZ11XMVR1O	3M1CVSFP605UZ9VPVDCEEUFIKJ8AQ4	0	Approved	Thu Jun 26 03:37:44 PDT 2014	Wed Jun 25 10:54:51 PDT 2014	Wed Jun 25 10:57:44 PDT 2014	Wed Jun 25 10:59:27 PDT 2014				
0	2	generic	0.5	fangs	0.5	NA	fish	NA	lide	0.45	English	1	32	Female	Yes	2	704	800	600	1005	Windows	Firefox	3BAKUKE49HCVU2ZVM73JJZ11XMVR1O	39I6UD9LVI4PCHHJTY30PRG1RU36NF	Alien Biodiversity Study 2B	An 8-minute experiment where we ask you about some "alien" species.	language research stanford fun cognitive science university	$0.60	Wed Jun 25 10:53:48 PDT 2014	10	0	0	10	Reviewable	NotReviewed	1 cond	1800	60000	Fri Jul 25 10:53:48 PDT 2014	https://requester.mturk.com/mturk/manageHIT?HITId=3BAKUKE49HCVU2ZVM73JJZ11XMVR1O	3M1CVSFP605UZ9VPVDCEEUFIKJ8AQ4	0	Approved	Thu Jun 26 03:37:44 PDT 2014	Wed Jun 25 10:54:51 PDT 2014	Wed Jun 25 10:57:44 PDT 2014	Wed Jun 25 10:59:27 PDT 2014				
0	3	generic	0.5	fangs	0.5	NA	fish	NA	moge	0.48	English	1	32	Female	Yes	2	704	800	600	1005	Windows	Firefox	3BAKUKE49HCVU2ZVM73JJZ11XMVR1O	39I6UD9LVI4PCHHJTY30PRG1RU36NF	Alien Biodiversity Study 2B	An 8-minute experiment where we ask you about some "alien" species.	language research stanford fun cognitive science university	$0.60	Wed Jun 25 10:53:48 PDT 2014	10	0	0	10	Reviewable	NotReviewed	1 cond	1800	60000	Fri Jul 25 10:53:48 PDT 2014	https://requester.mturk.com/mturk/manageHIT?HITId=3BAKUKE49HCVU2ZVM73JJZ11XMVR1O	3M1CVSFP605UZ9VPVDCEEUFIKJ8AQ4	0	Approved	Thu Jun 26 03:37:44 PDT 2014	Wed Jun 25 10:54:51 PDT 2014	Wed Jun 25 10:57:44 PDT 2014	Wed Jun 25 10:59:27 PDT 2014				
0	4	familiarization	0.9	crest	0.5	0	bird	[]	wug	wugs	English	1	32	Female	Yes	2	704	800	600	1005	Windows	Firefox	3BAKUKE49HCVU2ZVM73JJZ11XMVR1O	39I6UD9LVI4PCHHJTY30PRG1RU36NF	Alien Biodiversity Study 2B	An 8-minute experiment where we ask you about some "alien" species.	language research stanford fun cognitive science university	$0.60	Wed Jun 25 10:53:48 PDT 2014	10	0	0	10	Reviewable	NotReviewed	1 cond	1800	60000	Fri Jul 25 10:53:48 PDT 2014	https://requester.mturk.com/mturk/manageHIT?HITId=3BAKUKE49HCVU2ZVM73JJZ11XMVR1O	3M1CVSFP605UZ9VPVDCEEUFIKJ8AQ4	0	Approved	Thu Jun 26 03:37:44 PDT 2014	Wed Jun 25 10:54:51 PDT 2014	Wed Jun 25 10:57:44 PDT 2014	Wed Jun 25 10:59:27 PDT 2014				
0	5	familiarization	0.5	crest	0.9	0	bird	[]	mulb	mulbs	English	1	32	Female	Yes	2	704	800	600	1005	Windows	Firefox	3BAKUKE49HCVU2ZVM73JJZ11XMVR1O	39I6UD9LVI4PCHHJTY30PRG1RU36NF	Alien Biodiversity Study 2B	An 8-minute experiment where we ask you about some "alien" species.	language research stanford fun cognitive science university	$0.60	Wed Jun 25 10:53:48 PDT 2014	10	0	0	10	Reviewable	NotReviewed	1 cond	1800	60000	Fri Jul 25 10:53:48 PDT 2014	https://requester.mturk.com/mturk/manageHIT?HITId=3BAKUKE49HCVU2ZVM73JJZ11XMVR1O	3M1CVSFP605UZ9VPVDCEEUFIKJ8AQ4	0	Approved	Thu Jun 26 03:37:44 PDT 2014	Wed Jun 25 10:54:51 PDT 2014	Wed Jun 25 10:57:44 PDT 2014	Wed Jun 25 10:59:27 PDT 2014				
0	6	generic	0.5	crest	0.9	NA	bird	NA	mulb	0.94	English	1	32	Female	Yes	2	704	800	600	1005	Windows	Firefox	3BAKUKE49HCVU2ZVM73JJZ11XMVR1O	39I6UD9LVI4PCHHJTY30PRG1RU36NF	Alien Biodiversity Study 2B	An 8-minute experiment where we ask you about some "alien" species.	language research stanford fun cognitive science university	$0.60	Wed Jun 25 10:53:48 PDT 2014	10	0	0	10	Reviewable	NotReviewed	1 cond	1800	60000	Fri Jul 25 10:53:48 PDT 2014	https://requester.mturk.com/mturk/manageHIT?HITId=3BAKUKE49HCVU2ZVM73JJZ11XMVR1O	3M1CVSFP605UZ9VPVDCEEUFIKJ8AQ4	0	Approved	Thu Jun 26 03:37:44 PDT 2014	Wed Jun 25 10:54:51 PDT 2014	Wed Jun 25 10:57:44 PDT 2014	Wed Jun 25 10:59:27 PDT 2014				
0	7	generic	0.9	crest	0.5	NA	bird	NA	wug	0.48	English	1	32	Female	Yes	2	704	800	600	1005	Windows	Firefox	3BAKUKE49HCVU2ZVM73JJZ11XMVR1O	39I6UD9LVI4PCHHJTY30PRG1RU36NF	Alien Biodiversity Study 2B	An 8-minute experiment where we ask you about some "alien" species.	language research stanford fun cognitive science university	$0.60	Wed Jun 25 10:53:48 PDT 2014	10	0	0	10	Reviewable	NotReviewed	1 cond	1800	60000	Fri Jul 25 10:53:48 PDT 2014	https://requester.mturk.com/mturk/manageHIT?HITId=3BAKUKE49HCVU2ZVM73JJZ11XMVR1O	3M1CVSFP605UZ9VPVDCEEUFIKJ8AQ4	0	Approved	Thu Jun 26 03:37:44 PDT 2014	Wed Jun 25 10:54:51 PDT 2014	Wed Jun 25 10:57:44 PDT 2014	Wed Jun 25 10:59:27 PDT 2014				
0	8	familiarization	0.1	spots	0.5	0	flower	[]	blim	Blims	English	1	32	Female	Yes	2	704	800	600	1005	Windows	Firefox	3BAKUKE49HCVU2ZVM73JJZ11XMVR1O	39I6UD9LVI4PCHHJTY30PRG1RU36NF	Alien Biodiversity Study 2B	An 8-minute experiment where we ask you about some "alien" species.	language research stanford fun cognitive science university	$0.60	Wed Jun 25 10:53:48 PDT 2014	10	0	0	10	Reviewable	NotReviewed	1 cond	1800	60000	Fri Jul 25 10:53:48 PDT 2014	https://requester.mturk.com/mturk/manageHIT?HITId=3BAKUKE49HCVU2ZVM73JJZ11XMVR1O	3M1CVSFP605UZ9VPVDCEEUFIKJ8AQ4	0	Approved	Thu Jun 26 03:37:44 PDT 2014	Wed Jun 25 10:54:51 PDT 2014	Wed Jun 25 10:57:44 PDT 2014	Wed Jun 25 10:59:27 PDT 2014				
0	9	familiarization	0.5	spots	0.1	0	flower	[]	fing	Fings	English	1	32	Female	Yes	2	704	800	600	1005	Windows	Firefox	3BAKUKE49HCVU2ZVM73JJZ11XMVR1O	39I6UD9LVI4PCHHJTY30PRG1RU36NF	Alien Biodiversity Study 2B	An 8-minute experiment where we ask you about some "alien" species.	language research stanford fun cognitive science university	$0.60	Wed Jun 25 10:53:48 PDT 2014	10	0	0	10	Reviewable	NotReviewed	1 cond	1800	60000	Fri Jul 25 10:53:48 PDT 2014	https://requester.mturk.com/mturk/manageHIT?HITId=3BAKUKE49HCVU2ZVM73JJZ11XMVR1O	3M1CVSFP605UZ9VPVDCEEUFIKJ8AQ4	0	Approved	Thu Jun 26 03:37:44 PDT 2014	Wed Jun 25 10:54:51 PDT 2014	Wed Jun 25 10:57:44 PDT 2014	Wed Jun 25 10:59:27 PDT 2014				
0	10	generic	0.1	spots	0.5	NA	flower	NA	blim	0.51	English	1	32	Female	Yes	2	704	800	600	1005	Windows	Firefox	3BAKUKE49HCVU2ZVM73JJZ11XMVR1O	39I6UD9LVI4PCHHJTY30PRG1RU36NF	Alien Biodiversity Study 2B	An 8-minute experiment where we ask you about some "alien" species.	language research stanford fun cognitive science university	$0.60	Wed Jun 25 10:53:48 PDT 2014	10	0	0	10	Reviewable	NotReviewed	1 cond	1800	60000	Fri Jul 25 10:53:48 PDT 2014	https://requester.mturk.com/mturk/manageHIT?HITId=3BAKUKE49HCVU2ZVM73JJZ11XMVR1O	3M1CVSFP605UZ9VPVDCEEUFIKJ8AQ4	0	Approved	Thu Jun 26 03:37:44 PDT 2014	Wed Jun 25 10:54:51 PDT 2014	Wed Jun 25 10:57:44 PDT 2014	Wed Jun 25 10:59:27 PDT 2014				
0	11	generic	0.5	spots	0.1	NA	flower	NA	fing	0.07	English	1	32	Female	Yes	2	704	800	600	1005	Windows	Firefox	3BAKUKE49HCVU2ZVM73JJZ11XMVR1O	39I6UD9LVI4PCHHJTY30PRG1RU36NF	Alien Biodiversity Study 2B	An 8-minute experiment where we ask you about some "alien" species.	language research stanford fun cognitive science university	$0.60	Wed Jun 25 10:53:48 PDT 2014	10	0	0	10	Reviewable	NotReviewed	1 cond	1800	60000	Fri Jul 25 10:53:48 PDT 2014	https://requester.mturk.com/mturk/manageHIT?HITId=3BAKUKE49HCVU2ZVM73JJZ11XMVR1O	3M1CVSFP605UZ9VPVDCEEUFIKJ8AQ4	0	Approved	Thu Jun 26 03:37:44 PDT 2014	Wed Jun 25 10:54:51 PDT 2014	Wed Jun 25 10:57:44 PDT 2014	Wed Jun 25 10:59:27 PDT 2014				
1	0	familiarization	0.9	whiskers	0.5	0	fish	[]	quog	quogs	English	2	26	Female	Yes	3	864	800	600	1536	Windows	Chrome	3BAKUKE49HCVU2ZVM73JJZ11XMVR1O	39I6UD9LVI4PCHHJTY30PRG1RU36NF	Alien Biodiversity Study 2B	An 8-minute experiment where we ask you about some "alien" species.	language research stanford fun cognitive science university	$0.60	Wed Jun 25 10:53:48 PDT 2014	10	0	0	10	Reviewable	NotReviewed	1 cond	1800	60000	Fri Jul 25 10:53:48 PDT 2014	https://requester.mturk.com/mturk/manageHIT?HITId=3BAKUKE49HCVU2ZVM73JJZ11XMVR1O	3LWJHTCVCCMPV0CX6TY6SVQ9HZLQFX	1	Approved	Thu Jun 26 03:37:54 PDT 2014	Wed Jun 25 10:55:09 PDT 2014	Wed Jun 25 10:57:54 PDT 2014	Wed Jun 25 10:59:27 PDT 2014				
1	1	familiarization	0.5	whiskers	0.9	0	fish	[]	monx	monxes	English	2	26	Female	Yes	3	864	800	600	1536	Windows	Chrome	3BAKUKE49HCVU2ZVM73JJZ11XMVR1O	39I6UD9LVI4PCHHJTY30PRG1RU36NF	Alien Biodiversity Study 2B	An 8-minute experiment where we ask you about some "alien" species.	language research stanford fun cognitive science university	$0.60	Wed Jun 25 10:53:48 PDT 2014	10	0	0	10	Reviewable	NotReviewed	1 cond	1800	60000	Fri Jul 25 10:53:48 PDT 2014	https://requester.mturk.com/mturk/manageHIT?HITId=3BAKUKE49HCVU2ZVM73JJZ11XMVR1O	3LWJHTCVCCMPV0CX6TY6SVQ9HZLQFX	1	Approved	Thu Jun 26 03:37:54 PDT 2014	Wed Jun 25 10:55:09 PDT 2014	Wed Jun 25 10:57:54 PDT 2014	Wed Jun 25 10:59:27 PDT 2014				
1	2	generic	0.9	whiskers	0.5	NA	fish	NA	quog	0.5	English	2	26	Female	Yes	3	864	800	600	1536	Windows	Chrome	3BAKUKE49HCVU2ZVM73JJZ11XMVR1O	39I6UD9LVI4PCHHJTY30PRG1RU36NF	Alien Biodiversity Study 2B	An 8-minute experiment where we ask you about some "alien" species.	language research stanford fun cognitive science university	$0.60	Wed Jun 25 10:53:48 PDT 2014	10	0	0	10	Reviewable	NotReviewed	1 cond	1800	60000	Fri Jul 25 10:53:48 PDT 2014	https://requester.mturk.com/mturk/manageHIT?HITId=3BAKUKE49HCVU2ZVM73JJZ11XMVR1O	3LWJHTCVCCMPV0CX6TY6SVQ9HZLQFX	1	Approved	Thu Jun 26 03:37:54 PDT 2014	Wed Jun 25 10:55:09 PDT 2014	Wed Jun 25 10:57:54 PDT 2014	Wed Jun 25 10:59:27 PDT 2014				
1	3	generic	0.5	whiskers	0.9	NA	fish	NA	monx	0.75	English	2	26	Female	Yes	3	864	800	600	1536	Windows	Chrome	3BAKUKE49HCVU2ZVM73JJZ11XMVR1O	39I6UD9LVI4PCHHJTY30PRG1RU36NF	Alien Biodiversity Study 2B	An 8-minute experiment where we ask you about some "alien" species.	language research stanford fun cognitive science university	$0.60	Wed Jun 25 10:53:48 PDT 2014	10	0	0	10	Reviewable	NotReviewed	1 cond	1800	60000	Fri Jul 25 10:53:48 PDT 2014	https://requester.mturk.com/mturk/manageHIT?HITId=3BAKUKE49HCVU2ZVM73JJZ11XMVR1O	3LWJHTCVCCMPV0CX6TY6SVQ9HZLQFX	1	Approved	Thu Jun 26 03:37:54 PDT 2014	Wed Jun 25 10:55:09 PDT 2014	Wed Jun 25 10:57:54 PDT 2014	Wed Jun 25 10:59:27 PDT 2014				
1	4	familiarization	0.5	spots	0.5	0	flower	[]	fep	feps	English	2	26	Female	Yes	3	864	800	600	1536	Windows	Chrome	3BAKUKE49HCVU2ZVM73JJZ11XMVR1O	39I6UD9LVI4PCHHJTY30PRG1RU36NF	Alien Biodiversity Study 2B	An 8-minute experiment where we ask you about some "alien" species.	language research stanford fun cognitive science university	$0.60	Wed Jun 25 10:53:48 PDT 2014	10	0	0	10	Reviewable	NotReviewed	1 cond	1800	60000	Fri Jul 25 10:53:48 PDT 2014	https://requester.mturk.com/mturk/manageHIT?HITId=3BAKUKE49HCVU2ZVM73JJZ11XMVR1O	3LWJHTCVCCMPV0CX6TY6SVQ9HZLQFX	1	Approved	Thu Jun 26 03:37:54 PDT 2014	Wed Jun 25 10:55:09 PDT 2014	Wed Jun 25 10:57:54 PDT 2014	Wed Jun 25 10:59:27 PDT 2014				
1	5	familiarization	0.5	spots	0.5	0	flower	[]	tig	tigs	English	2	26	Female	Yes	3	864	800	600	1536	Windows	Chrome	3BAKUKE49HCVU2ZVM73JJZ11XMVR1O	39I6UD9LVI4PCHHJTY30PRG1RU36NF	Alien Biodiversity Study 2B	An 8-minute experiment where we ask you about some "alien" species.	language research stanford fun cognitive science university	$0.60	Wed Jun 25 10:53:48 PDT 2014	10	0	0	10	Reviewable	NotReviewed	1 cond	1800	60000	Fri Jul 25 10:53:48 PDT 2014	https://requester.mturk.com/mturk/manageHIT?HITId=3BAKUKE49HCVU2ZVM73JJZ11XMVR1O	3LWJHTCVCCMPV0CX6TY6SVQ9HZLQFX	1	Approved	Thu Jun 26 03:37:54 PDT 2014	Wed Jun 25 10:55:09 PDT 2014	Wed Jun 25 10:57:54 PDT 2014	Wed Jun 25 10:59:27 PDT 2014				
1	6	generic	0.5	spots	0.5	NA	flower	NA	tig	0.5	English	2	26	Female	Yes	3	864	800	600	1536	Windows	Chrome	3BAKUKE49HCVU2ZVM73JJZ11XMVR1O	39I6UD9LVI4PCHHJTY30PRG1RU36NF	Alien Biodiversity Study 2B	An 8-minute experiment where we ask you about some "alien" species.	language research stanford fun cognitive science university	$0.60	Wed Jun 25 10:53:48 PDT 2014	10	0	0	10	Reviewable	NotReviewed	1 cond	1800	60000	Fri Jul 25 10:53:48 PDT 2014	https://requester.mturk.com/mturk/manageHIT?HITId=3BAKUKE49HCVU2ZVM73JJZ11XMVR1O	3LWJHTCVCCMPV0CX6TY6SVQ9HZLQFX	1	Approved	Thu Jun 26 03:37:54 PDT 2014	Wed Jun 25 10:55:09 PDT 2014	Wed Jun 25 10:57:54 PDT 2014	Wed Jun 25 10:59:27 PDT 2014				
1	7	generic	0.5	spots	0.5	NA	flower	NA	fep	0.5	English	2	26	Female	Yes	3	864	800	600	1536	Windows	Chrome	3BAKUKE49HCVU2ZVM73JJZ11XMVR1O	39I6UD9LVI4PCHHJTY30PRG1RU36NF	Alien Biodiversity Study 2B	An 8-minute experiment where we ask you about some "alien" species.	language research stanford fun cognitive science university	$0.60	Wed Jun 25 10:53:48 PDT 2014	10	0	0	10	Reviewable	NotReviewed	1 cond	1800	60000	Fri Jul 25 10:53:48 PDT 2014	https://requester.mturk.com/mturk/manageHIT?HITId=3BAKUKE49HCVU2ZVM73JJZ11XMVR1O	3LWJHTCVCCMPV0CX6TY6SVQ9HZLQFX	1	Approved	Thu Jun 26 03:37:54 PDT 2014	Wed Jun 25 10:55:09 PDT 2014	Wed Jun 25 10:57:54 PDT 2014	Wed Jun 25 10:59:27 PDT 2014				
1	8	familiarization	0.1	tail	0.5	0	bird	[]	snim	snims	English	2	26	Female	Yes	3	864	800	600	1536	Windows	Chrome	3BAKUKE49HCVU2ZVM73JJZ11XMVR1O	39I6UD9LVI4PCHHJTY30PRG1RU36NF	Alien Biodiversity Study 2B	An 8-minute experiment where we ask you about some "alien" species.	language research stanford fun cognitive science university	$0.60	Wed Jun 25 10:53:48 PDT 2014	10	0	0	10	Reviewable	NotReviewed	1 cond	1800	60000	Fri Jul 25 10:53:48 PDT 2014	https://requester.mturk.com/mturk/manageHIT?HITId=3BAKUKE49HCVU2ZVM73JJZ11XMVR1O	3LWJHTCVCCMPV0CX6TY6SVQ9HZLQFX	1	Approved	Thu Jun 26 03:37:54 PDT 2014	Wed Jun 25 10:55:09 PDT 2014	Wed Jun 25 10:57:54 PDT 2014	Wed Jun 25 10:59:27 PDT 2014				
1	9	familiarization	0.5	tail	0.1	0	bird	[]	mone	mones	English	2	26	Female	Yes	3	864	800	600	1536	Windows	Chrome	3BAKUKE49HCVU2ZVM73JJZ11XMVR1O	39I6UD9LVI4PCHHJTY30PRG1RU36NF	Alien Biodiversity Study 2B	An 8-minute experiment where we ask you about some "alien" species.	language research stanford fun cognitive science university	$0.60	Wed Jun 25 10:53:48 PDT 2014	10	0	0	10	Reviewable	NotReviewed	1 cond	1800	60000	Fri Jul 25 10:53:48 PDT 2014	https://requester.mturk.com/mturk/manageHIT?HITId=3BAKUKE49HCVU2ZVM73JJZ11XMVR1O	3LWJHTCVCCMPV0CX6TY6SVQ9HZLQFX	1	Approved	Thu Jun 26 03:37:54 PDT 2014	Wed Jun 25 10:55:09 PDT 2014	Wed Jun 25 10:57:54 PDT 2014	Wed Jun 25 10:59:27 PDT 2014				
1	10	generic	0.5	tail	0.1	NA	bird	NA	mone	0.1	English	2	26	Female	Yes	3	864	800	600	1536	Windows	Chrome	3BAKUKE49HCVU2ZVM73JJZ11XMVR1O	39I6UD9LVI4PCHHJTY30PRG1RU36NF	Alien Biodiversity Study 2B	An 8-minute experiment where we ask you about some "alien" species.	language research stanford fun cognitive science university	$0.60	Wed Jun 25 10:53:48 PDT 2014	10	0	0	10	Reviewable	NotReviewed	1 cond	1800	60000	Fri Jul 25 10:53:48 PDT 2014	https://requester.mturk.com/mturk/manageHIT?HITId=3BAKUKE49HCVU2ZVM73JJZ11XMVR1O	3LWJHTCVCCMPV0CX6TY6SVQ9HZLQFX	1	Approved	Thu Jun 26 03:37:54 PDT 2014	Wed Jun 25 10:55:09 PDT 2014	Wed Jun 25 10:57:54 PDT 2014	Wed Jun 25 10:59:27 PDT 2014				
1	11	generic	0.1	tail	0.5	NA	bird	NA	snim	0.53	English	2	26	Female	Yes	3	864	800	600	1536	Windows	Chrome	3BAKUKE49HCVU2ZVM73JJZ11XMVR1O	39I6UD9LVI4PCHHJTY30PRG1RU36NF	Alien Biodiversity Study 2B	An 8-minute experiment where we ask you about some "alien" species.	language research stanford fun cognitive science university	$0.60	Wed Jun 25 10:53:48 PDT 2014	10	0	0	10	Reviewable	NotReviewed	1 cond	1800	60000	Fri Jul 25 10:53:48 PDT 2014	https://requester.mturk.com/mturk/manageHIT?HITId=3BAKUKE49HCVU2ZVM73JJZ11XMVR1O	3LWJHTCVCCMPV0CX6TY6SVQ9HZLQFX	1	Approved	Thu Jun 26 03:37:54 PDT 2014	Wed Jun 25 10:55:09 PDT 2014	Wed Jun 25 10:57:54 PDT 2014	Wed Jun 25 10:59:27 PDT 2014				
2	0	familiarization	0.5	tail	0.5	0	bird	[]	mork	Morks	English	2	23	Male	Yes	2	800	800	600	1280	Mac	Safari	3BAKUKE49HCVU2ZVM73JJZ11XMVR1O	39I6UD9LVI4PCHHJTY30PRG1RU36NF	Alien Biodiversity Study 2B	An 8-minute experiment where we ask you about some "alien" species.	language research stanford fun cognitive science university	$0.60	Wed Jun 25 10:53:48 PDT 2014	10	0	0	10	Reviewable	NotReviewed	1 cond	1800	60000	Fri Jul 25 10:53:48 PDT 2014	https://requester.mturk.com/mturk/manageHIT?HITId=3BAKUKE49HCVU2ZVM73JJZ11XMVR1O	3QL2OFSM96IXPRFVZZGOGVA1FB6NCW	2	Approved	Thu Jun 26 03:38:30 PDT 2014	Wed Jun 25 10:54:54 PDT 2014	Wed Jun 25 10:58:30 PDT 2014	Wed Jun 25 11:03:10 PDT 2014				
2	1	familiarization	0.5	tail	0.5	0	bird	[]	zib	Zibs	English	2	23	Male	Yes	2	800	800	600	1280	Mac	Safari	3BAKUKE49HCVU2ZVM73JJZ11XMVR1O	39I6UD9LVI4PCHHJTY30PRG1RU36NF	Alien Biodiversity Study 2B	An 8-minute experiment where we ask you about some "alien" species.	language research stanford fun cognitive science university	$0.60	Wed Jun 25 10:53:48 PDT 2014	10	0	0	10	Reviewable	NotReviewed	1 cond	1800	60000	Fri Jul 25 10:53:48 PDT 2014	https://requester.mturk.com/mturk/manageHIT?HITId=3BAKUKE49HCVU2ZVM73JJZ11XMVR1O	3QL2OFSM96IXPRFVZZGOGVA1FB6NCW	2	Approved	Thu Jun 26 03:38:30 PDT 2014	Wed Jun 25 10:54:54 PDT 2014	Wed Jun 25 10:58:30 PDT 2014	Wed Jun 25 11:03:10 PDT 2014				
2	2	generic	0.5	tail	0.5	NA	bird	NA	zib	0.3	English	2	23	Male	Yes	2	800	800	600	1280	Mac	Safari	3BAKUKE49HCVU2ZVM73JJZ11XMVR1O	39I6UD9LVI4PCHHJTY30PRG1RU36NF	Alien Biodiversity Study 2B	An 8-minute experiment where we ask you about some "alien" species.	language research stanford fun cognitive science university	$0.60	Wed Jun 25 10:53:48 PDT 2014	10	0	0	10	Reviewable	NotReviewed	1 cond	1800	60000	Fri Jul 25 10:53:48 PDT 2014	https://requester.mturk.com/mturk/manageHIT?HITId=3BAKUKE49HCVU2ZVM73JJZ11XMVR1O	3QL2OFSM96IXPRFVZZGOGVA1FB6NCW	2	Approved	Thu Jun 26 03:38:30 PDT 2014	Wed Jun 25 10:54:54 PDT 2014	Wed Jun 25 10:58:30 PDT 2014	Wed Jun 25 11:03:10 PDT 2014				
2	3	generic	0.5	tail	0.5	NA	bird	NA	mork	0.23	English	2	23	Male	Yes	2	800	800	600	1280	Mac	Safari	3BAKUKE49HCVU2ZVM73JJZ11XMVR1O	39I6UD9LVI4PCHHJTY30PRG1RU36NF	Alien Biodiversity Study 2B	An 8-minute experiment where we ask you about some "alien" species.	language research stanford fun cognitive science university	$0.60	Wed Jun 25 10:53:48 PDT 2014	10	0	0	10	Reviewable	NotReviewed	1 cond	1800	60000	Fri Jul 25 10:53:48 PDT 2014	https://requester.mturk.com/mturk/manageHIT?HITId=3BAKUKE49HCVU2ZVM73JJZ11XMVR1O	3QL2OFSM96IXPRFVZZGOGVA1FB6NCW	2	Approved	Thu Jun 26 03:38:30 PDT 2014	Wed Jun 25 10:54:54 PDT 2014	Wed Jun 25 10:58:30 PDT 2014	Wed Jun 25 11:03:10 PDT 2014				
2	4	familiarization	0.5	fangs	0.9	0	fish	[]	hisp	Hisps	English	2	23	Male	Yes	2	800	800	600	1280	Mac	Safari	3BAKUKE49HCVU2ZVM73JJZ11XMVR1O	39I6UD9LVI4PCHHJTY30PRG1RU36NF	Alien Biodiversity Study 2B	An 8-minute experiment where we ask you about some "alien" species.	language research stanford fun cognitive science university	$0.60	Wed Jun 25 10:53:48 PDT 2014	10	0	0	10	Reviewable	NotReviewed	1 cond	1800	60000	Fri Jul 25 10:53:48 PDT 2014	https://requester.mturk.com/mturk/manageHIT?HITId=3BAKUKE49HCVU2ZVM73JJZ11XMVR1O	3QL2OFSM96IXPRFVZZGOGVA1FB6NCW	2	Approved	Thu Jun 26 03:38:30 PDT 2014	Wed Jun 25 10:54:54 PDT 2014	Wed Jun 25 10:58:30 PDT 2014	Wed Jun 25 11:03:10 PDT 2014				
2	5	familiarization	0.9	fangs	0.5	0	fish	[]	fick	Ficks	English	2	23	Male	Yes	2	800	800	600	1280	Mac	Safari	3BAKUKE49HCVU2ZVM73JJZ11XMVR1O	39I6UD9LVI4PCHHJTY30PRG1RU36NF	Alien Biodiversity Study 2B	An 8-minute experiment where we ask you about some "alien" species.	language research stanford fun cognitive science university	$0.60	Wed Jun 25 10:53:48 PDT 2014	10	0	0	10	Reviewable	NotReviewed	1 cond	1800	60000	Fri Jul 25 10:53:48 PDT 2014	https://requester.mturk.com/mturk/manageHIT?HITId=3BAKUKE49HCVU2ZVM73JJZ11XMVR1O	3QL2OFSM96IXPRFVZZGOGVA1FB6NCW	2	Approved	Thu Jun 26 03:38:30 PDT 2014	Wed Jun 25 10:54:54 PDT 2014	Wed Jun 25 10:58:30 PDT 2014	Wed Jun 25 11:03:10 PDT 2014				
2	6	generic	0.5	fangs	0.9	NA	fish	NA	hisp	0.81	English	2	23	Male	Yes	2	800	800	600	1280	Mac	Safari	3BAKUKE49HCVU2ZVM73JJZ11XMVR1O	39I6UD9LVI4PCHHJTY30PRG1RU36NF	Alien Biodiversity Study 2B	An 8-minute experiment where we ask you about some "alien" species.	language research stanford fun cognitive science university	$0.60	Wed Jun 25 10:53:48 PDT 2014	10	0	0	10	Reviewable	NotReviewed	1 cond	1800	60000	Fri Jul 25 10:53:48 PDT 2014	https://requester.mturk.com/mturk/manageHIT?HITId=3BAKUKE49HCVU2ZVM73JJZ11XMVR1O	3QL2OFSM96IXPRFVZZGOGVA1FB6NCW	2	Approved	Thu Jun 26 03:38:30 PDT 2014	Wed Jun 25 10:54:54 PDT 2014	Wed Jun 25 10:58:30 PDT 2014	Wed Jun 25 11:03:10 PDT 2014				
2	7	generic	0.9	fangs	0.5	NA	fish	NA	fick	0.14	English	2	23	Male	Yes	2	800	800	600	1280	Mac	Safari	3BAKUKE49HCVU2ZVM73JJZ11XMVR1O	39I6UD9LVI4PCHHJTY30PRG1RU36NF	Alien Biodiversity Study 2B	An 8-minute experiment where we ask you about some "alien" species.	language research stanford fun cognitive science university	$0.60	Wed Jun 25 10:53:48 PDT 2014	10	0	0	10	Reviewable	NotReviewed	1 cond	1800	60000	Fri Jul 25 10:53:48 PDT 2014	https://requester.mturk.com/mturk/manageHIT?HITId=3BAKUKE49HCVU2ZVM73JJZ11XMVR1O	3QL2OFSM96IXPRFVZZGOGVA1FB6NCW	2	Approved	Thu Jun 26 03:38:30 PDT 2014	Wed Jun 25 10:54:54 PDT 2014	Wed Jun 25 10:58:30 PDT 2014	Wed Jun 25 11:03:10 PDT 2014				
2	8	familiarization	0.5	thorns	0.1	0	flower	[]	gub	Gubs	English	2	23	Male	Yes	2	800	800	600	1280	Mac	Safari	3BAKUKE49HCVU2ZVM73JJZ11XMVR1O	39I6UD9LVI4PCHHJTY30PRG1RU36NF	Alien Biodiversity Study 2B	An 8-minute experiment where we ask you about some "alien" species.	language research stanford fun cognitive science university	$0.60	Wed Jun 25 10:53:48 PDT 2014	10	0	0	10	Reviewable	NotReviewed	1 cond	1800	60000	Fri Jul 25 10:53:48 PDT 2014	https://requester.mturk.com/mturk/manageHIT?HITId=3BAKUKE49HCVU2ZVM73JJZ11XMVR1O	3QL2OFSM96IXPRFVZZGOGVA1FB6NCW	2	Approved	Thu Jun 26 03:38:30 PDT 2014	Wed Jun 25 10:54:54 PDT 2014	Wed Jun 25 10:58:30 PDT 2014	Wed Jun 25 11:03:10 PDT 2014				
2	9	familiarization	0.1	thorns	0.5	0	flower	[]	monx	Monxes	English	2	23	Male	Yes	2	800	800	600	1280	Mac	Safari	3BAKUKE49HCVU2ZVM73JJZ11XMVR1O	39I6UD9LVI4PCHHJTY30PRG1RU36NF	Alien Biodiversity Study 2B	An 8-minute experiment where we ask you about some "alien" species.	language research stanford fun cognitive science university	$0.60	Wed Jun 25 10:53:48 PDT 2014	10	0	0	10	Reviewable	NotReviewed	1 cond	1800	60000	Fri Jul 25 10:53:48 PDT 2014	https://requester.mturk.com/mturk/manageHIT?HITId=3BAKUKE49HCVU2ZVM73JJZ11XMVR1O	3QL2OFSM96IXPRFVZZGOGVA1FB6NCW	2	Approved	Thu Jun 26 03:38:30 PDT 2014	Wed Jun 25 10:54:54 PDT 2014	Wed Jun 25 10:58:30 PDT 2014	Wed Jun 25 11:03:10 PDT 2014				
2	10	generic	0.1	thorns	0.5	NA	flower	NA	monx	0.13	English	2	23	Male	Yes	2	800	800	600	1280	Mac	Safari	3BAKUKE49HCVU2ZVM73JJZ11XMVR1O	39I6UD9LVI4PCHHJTY30PRG1RU36NF	Alien Biodiversity Study 2B	An 8-minute experiment where we ask you about some "alien" species.	language research stanford fun cognitive science university	$0.60	Wed Jun 25 10:53:48 PDT 2014	10	0	0	10	Reviewable	NotReviewed	1 cond	1800	60000	Fri Jul 25 10:53:48 PDT 2014	https://requester.mturk.com/mturk/manageHIT?HITId=3BAKUKE49HCVU2ZVM73JJZ11XMVR1O	3QL2OFSM96IXPRFVZZGOGVA1FB6NCW	2	Approved	Thu Jun 26 03:38:30 PDT 2014	Wed Jun 25 10:54:54 PDT 2014	Wed Jun 25 10:58:30 PDT 2014	Wed Jun 25 11:03:10 PDT 2014				
2	11	generic	0.5	thorns	0.1	NA	flower	NA	gub	0.18	English	2	23	Male	Yes	2	800	800	600	1280	Mac	Safari	3BAKUKE49HCVU2ZVM73JJZ11XMVR1O	39I6UD9LVI4PCHHJTY30PRG1RU36NF	Alien Biodiversity Study 2B	An 8-minute experiment where we ask you about some "alien" species.	language research stanford fun cognitive science university	$0.60	Wed Jun 25 10:53:48 PDT 2014	10	0	0	10	Reviewable	NotReviewed	1 cond	1800	60000	Fri Jul 25 10:53:48 PDT 2014	https://requester.mturk.com/mturk/manageHIT?HITId=3BAKUKE49HCVU2ZVM73JJZ11XMVR1O	3QL2OFSM96IXPRFVZZGOGVA1FB6NCW	2	Approved	Thu Jun 26 03:38:30 PDT 2014	Wed Jun 25 10:54:54 PDT 2014	Wed Jun 25 10:58:30 PDT 2014	Wed Jun 25 11:03:10 PDT 2014				
3	0	familiarization	0.9	tail	0.5	0	bird	[]	hinx	hinxes	English	2	53	Male	Yes	3	1050	800	600	1680	Windows	Chrome	3BAKUKE49HCVU2ZVM73JJZ11XMVR1O	39I6UD9LVI4PCHHJTY30PRG1RU36NF	Alien Biodiversity Study 2B	An 8-minute experiment where we ask you about some "alien" species.	language research stanford fun cognitive science university	$0.60	Wed Jun 25 10:53:48 PDT 2014	10	0	0	10	Reviewable	NotReviewed	1 cond	1800	60000	Fri Jul 25 10:53:48 PDT 2014	https://requester.mturk.com/mturk/manageHIT?HITId=3BAKUKE49HCVU2ZVM73JJZ11XMVR1O	3I0BTBYZAXL77YOTULWF2A67A6DY04	3	Approved	Thu Jun 26 03:38:33 PDT 2014	Wed Jun 25 10:55:02 PDT 2014	Wed Jun 25 10:58:33 PDT 2014	Wed Jun 25 10:59:44 PDT 2014				
3	1	familiarization	0.5	tail	0.9	0	bird	[]	fep	feps	English	2	53	Male	Yes	3	1050	800	600	1680	Windows	Chrome	3BAKUKE49HCVU2ZVM73JJZ11XMVR1O	39I6UD9LVI4PCHHJTY30PRG1RU36NF	Alien Biodiversity Study 2B	An 8-minute experiment where we ask you about some "alien" species.	language research stanford fun cognitive science university	$0.60	Wed Jun 25 10:53:48 PDT 2014	10	0	0	10	Reviewable	NotReviewed	1 cond	1800	60000	Fri Jul 25 10:53:48 PDT 2014	https://requester.mturk.com/mturk/manageHIT?HITId=3BAKUKE49HCVU2ZVM73JJZ11XMVR1O	3I0BTBYZAXL77YOTULWF2A67A6DY04	3	Approved	Thu Jun 26 03:38:33 PDT 2014	Wed Jun 25 10:55:02 PDT 2014	Wed Jun 25 10:58:33 PDT 2014	Wed Jun 25 10:59:44 PDT 2014				
3	2	generic	0.5	tail	0.9	NA	bird	NA	fep	0.24	English	2	53	Male	Yes	3	1050	800	600	1680	Windows	Chrome	3BAKUKE49HCVU2ZVM73JJZ11XMVR1O	39I6UD9LVI4PCHHJTY30PRG1RU36NF	Alien Biodiversity Study 2B	An 8-minute experiment where we ask you about some "alien" species.	language research stanford fun cognitive science university	$0.60	Wed Jun 25 10:53:48 PDT 2014	10	0	0	10	Reviewable	NotReviewed	1 cond	1800	60000	Fri Jul 25 10:53:48 PDT 2014	https://requester.mturk.com/mturk/manageHIT?HITId=3BAKUKE49HCVU2ZVM73JJZ11XMVR1O	3I0BTBYZAXL77YOTULWF2A67A6DY04	3	Approved	Thu Jun 26 03:38:33 PDT 2014	Wed Jun 25 10:55:02 PDT 2014	Wed Jun 25 10:58:33 PDT 2014	Wed Jun 25 10:59:44 PDT 2014				
3	3	generic	0.9	tail	0.5	NA	bird	NA	hinx	0.12	English	2	53	Male	Yes	3	1050	800	600	1680	Windows	Chrome	3BAKUKE49HCVU2ZVM73JJZ11XMVR1O	39I6UD9LVI4PCHHJTY30PRG1RU36NF	Alien Biodiversity Study 2B	An 8-minute experiment where we ask you about some "alien" species.	language research stanford fun cognitive science university	$0.60	Wed Jun 25 10:53:48 PDT 2014	10	0	0	10	Reviewable	NotReviewed	1 cond	1800	60000	Fri Jul 25 10:53:48 PDT 2014	https://requester.mturk.com/mturk/manageHIT?HITId=3BAKUKE49HCVU2ZVM73JJZ11XMVR1O	3I0BTBYZAXL77YOTULWF2A67A6DY04	3	Approved	Thu Jun 26 03:38:33 PDT 2014	Wed Jun 25 10:55:02 PDT 2014	Wed Jun 25 10:58:33 PDT 2014	Wed Jun 25 10:59:44 PDT 2014				
3	4	familiarization	0.5	thorns	0.5	0	flower	[]	blick	blicks	English	2	53	Male	Yes	3	1050	800	600	1680	Windows	Chrome	3BAKUKE49HCVU2ZVM73JJZ11XMVR1O	39I6UD9LVI4PCHHJTY30PRG1RU36NF	Alien Biodiversity Study 2B	An 8-minute experiment where we ask you about some "alien" species.	language research stanford fun cognitive science university	$0.60	Wed Jun 25 10:53:48 PDT 2014	10	0	0	10	Reviewable	NotReviewed	1 cond	1800	60000	Fri Jul 25 10:53:48 PDT 2014	https://requester.mturk.com/mturk/manageHIT?HITId=3BAKUKE49HCVU2ZVM73JJZ11XMVR1O	3I0BTBYZAXL77YOTULWF2A67A6DY04	3	Approved	Thu Jun 26 03:38:33 PDT 2014	Wed Jun 25 10:55:02 PDT 2014	Wed Jun 25 10:58:33 PDT 2014	Wed Jun 25 10:59:44 PDT 2014				
3	5	familiarization	0.5	thorns	0.5	0	flower	[]	hisp	hisps	English	2	53	Male	Yes	3	1050	800	600	1680	Windows	Chrome	3BAKUKE49HCVU2ZVM73JJZ11XMVR1O	39I6UD9LVI4PCHHJTY30PRG1RU36NF	Alien Biodiversity Study 2B	An 8-minute experiment where we ask you about some "alien" species.	language research stanford fun cognitive science university	$0.60	Wed Jun 25 10:53:48 PDT 2014	10	0	0	10	Reviewable	NotReviewed	1 cond	1800	60000	Fri Jul 25 10:53:48 PDT 2014	https://requester.mturk.com/mturk/manageHIT?HITId=3BAKUKE49HCVU2ZVM73JJZ11XMVR1O	3I0BTBYZAXL77YOTULWF2A67A6DY04	3	Approved	Thu Jun 26 03:38:33 PDT 2014	Wed Jun 25 10:55:02 PDT 2014	Wed Jun 25 10:58:33 PDT 2014	Wed Jun 25 10:59:44 PDT 2014				
3	6	generic	0.5	thorns	0.5	NA	flower	NA	blick	0.24	English	2	53	Male	Yes	3	1050	800	600	1680	Windows	Chrome	3BAKUKE49HCVU2ZVM73JJZ11XMVR1O	39I6UD9LVI4PCHHJTY30PRG1RU36NF	Alien Biodiversity Study 2B	An 8-minute experiment where we ask you about some "alien" species.	language research stanford fun cognitive science university	$0.60	Wed Jun 25 10:53:48 PDT 2014	10	0	0	10	Reviewable	NotReviewed	1 cond	1800	60000	Fri Jul 25 10:53:48 PDT 2014	https://requester.mturk.com/mturk/manageHIT?HITId=3BAKUKE49HCVU2ZVM73JJZ11XMVR1O	3I0BTBYZAXL77YOTULWF2A67A6DY04	3	Approved	Thu Jun 26 03:38:33 PDT 2014	Wed Jun 25 10:55:02 PDT 2014	Wed Jun 25 10:58:33 PDT 2014	Wed Jun 25 10:59:44 PDT 2014				
3	7	generic	0.5	thorns	0.5	NA	flower	NA	hisp	0.08	English	2	53	Male	Yes	3	1050	800	600	1680	Windows	Chrome	3BAKUKE49HCVU2ZVM73JJZ11XMVR1O	39I6UD9LVI4PCHHJTY30PRG1RU36NF	Alien Biodiversity Study 2B	An 8-minute experiment where we ask you about some "alien" species.	language research stanford fun cognitive science university	$0.60	Wed Jun 25 10:53:48 PDT 2014	10	0	0	10	Reviewable	NotReviewed	1 cond	1800	60000	Fri Jul 25 10:53:48 PDT 2014	https://requester.mturk.com/mturk/manageHIT?HITId=3BAKUKE49HCVU2ZVM73JJZ11XMVR1O	3I0BTBYZAXL77YOTULWF2A67A6DY04	3	Approved	Thu Jun 26 03:38:33 PDT 2014	Wed Jun 25 10:55:02 PDT 2014	Wed Jun 25 10:58:33 PDT 2014	Wed Jun 25 10:59:44 PDT 2014				
3	8	familiarization	0.1	fangs	0.5	0	fish	[]	hoff	hoffs	English	2	53	Male	Yes	3	1050	800	600	1680	Windows	Chrome	3BAKUKE49HCVU2ZVM73JJZ11XMVR1O	39I6UD9LVI4PCHHJTY30PRG1RU36NF	Alien Biodiversity Study 2B	An 8-minute experiment where we ask you about some "alien" species.	language research stanford fun cognitive science university	$0.60	Wed Jun 25 10:53:48 PDT 2014	10	0	0	10	Reviewable	NotReviewed	1 cond	1800	60000	Fri Jul 25 10:53:48 PDT 2014	https://requester.mturk.com/mturk/manageHIT?HITId=3BAKUKE49HCVU2ZVM73JJZ11XMVR1O	3I0BTBYZAXL77YOTULWF2A67A6DY04	3	Approved	Thu Jun 26 03:38:33 PDT 2014	Wed Jun 25 10:55:02 PDT 2014	Wed Jun 25 10:58:33 PDT 2014	Wed Jun 25 10:59:44 PDT 2014				
3	9	familiarization	0.5	fangs	0.1	0	fish	[]	ript	ripts	English	2	53	Male	Yes	3	1050	800	600	1680	Windows	Chrome	3BAKUKE49HCVU2ZVM73JJZ11XMVR1O	39I6UD9LVI4PCHHJTY30PRG1RU36NF	Alien Biodiversity Study 2B	An 8-minute experiment where we ask you about some "alien" species.	language research stanford fun cognitive science university	$0.60	Wed Jun 25 10:53:48 PDT 2014	10	0	0	10	Reviewable	NotReviewed	1 cond	1800	60000	Fri Jul 25 10:53:48 PDT 2014	https://requester.mturk.com/mturk/manageHIT?HITId=3BAKUKE49HCVU2ZVM73JJZ11XMVR1O	3I0BTBYZAXL77YOTULWF2A67A6DY04	3	Approved	Thu Jun 26 03:38:33 PDT 2014	Wed Jun 25 10:55:02 PDT 2014	Wed Jun 25 10:58:33 PDT 2014	Wed Jun 25 10:59:44 PDT 2014				
3	10	generic	0.5	fangs	0.1	NA	fish	NA	ript	0.02	English	2	53	Male	Yes	3	1050	800	600	1680	Windows	Chrome	3BAKUKE49HCVU2ZVM73JJZ11XMVR1O	39I6UD9LVI4PCHHJTY30PRG1RU36NF	Alien Biodiversity Study 2B	An 8-minute experiment where we ask you about some "alien" species.	language research stanford fun cognitive science university	$0.60	Wed Jun 25 10:53:48 PDT 2014	10	0	0	10	Reviewable	NotReviewed	1 cond	1800	60000	Fri Jul 25 10:53:48 PDT 2014	https://requester.mturk.com/mturk/manageHIT?HITId=3BAKUKE49HCVU2ZVM73JJZ11XMVR1O	3I0BTBYZAXL77YOTULWF2A67A6DY04	3	Approved	Thu Jun 26 03:38:33 PDT 2014	Wed Jun 25 10:55:02 PDT 2014	Wed Jun 25 10:58:33 PDT 2014	Wed Jun 25 10:59:44 PDT 2014				
3	11	generic	0.1	fangs	0.5	NA	fish	NA	hoff	0.12	English	2	53	Male	Yes	3	1050	800	600	1680	Windows	Chrome	3BAKUKE49HCVU2ZVM73JJZ11XMVR1O	39I6UD9LVI4PCHHJTY30PRG1RU36NF	Alien Biodiversity Study 2B	An 8-minute experiment where we ask you about some "alien" species.	language research stanford fun cognitive science university	$0.60	Wed Jun 25 10:53:48 PDT 2014	10	0	0	10	Reviewable	NotReviewed	1 cond	1800	60000	Fri Jul 25 10:53:48 PDT 2014	https://requester.mturk.com/mturk/manageHIT?HITId=3BAKUKE49HCVU2ZVM73JJZ11XMVR1O	3I0BTBYZAXL77YOTULWF2A67A6DY04	3	Approved	Thu Jun 26 03:38:33 PDT 2014	Wed Jun 25 10:55:02 PDT 2014	Wed Jun 25 10:58:33 PDT 2014	Wed Jun 25 10:59:44 PDT 2014				
4	0	familiarization	0.5	fangs	0.1	0	fish	[]	ript	ripts	English	2	32	Female	Yes	2	768	800	600	1024	Windows	Firefox	3BAKUKE49HCVU2ZVM73JJZ11XMVR1O	39I6UD9LVI4PCHHJTY30PRG1RU36NF	Alien Biodiversity Study 2B	An 8-minute experiment where we ask you about some "alien" species.	language research stanford fun cognitive science university	$0.60	Wed Jun 25 10:53:48 PDT 2014	10	0	0	10	Reviewable	NotReviewed	1 cond	1800	60000	Fri Jul 25 10:53:48 PDT 2014	https://requester.mturk.com/mturk/manageHIT?HITId=3BAKUKE49HCVU2ZVM73JJZ11XMVR1O	3WYP994K17R2L9A8WACWBBGYN9ZY65	4	Approved	Thu Jun 26 03:39:10 PDT 2014	Wed Jun 25 10:55:37 PDT 2014	Wed Jun 25 10:59:10 PDT 2014	Wed Jun 25 10:59:44 PDT 2014				
4	1	familiarization	0.1	fangs	0.5	0	fish	[]	hisp	hisps	English	2	32	Female	Yes	2	768	800	600	1024	Windows	Firefox	3BAKUKE49HCVU2ZVM73JJZ11XMVR1O	39I6UD9LVI4PCHHJTY30PRG1RU36NF	Alien Biodiversity Study 2B	An 8-minute experiment where we ask you about some "alien" species.	language research stanford fun cognitive science university	$0.60	Wed Jun 25 10:53:48 PDT 2014	10	0	0	10	Reviewable	NotReviewed	1 cond	1800	60000	Fri Jul 25 10:53:48 PDT 2014	https://requester.mturk.com/mturk/manageHIT?HITId=3BAKUKE49HCVU2ZVM73JJZ11XMVR1O	3WYP994K17R2L9A8WACWBBGYN9ZY65	4	Approved	Thu Jun 26 03:39:10 PDT 2014	Wed Jun 25 10:55:37 PDT 2014	Wed Jun 25 10:59:10 PDT 2014	Wed Jun 25 10:59:44 PDT 2014				
4	2	generic	0.1	fangs	0.5	NA	fish	NA	hisp	0.94	English	2	32	Female	Yes	2	768	800	600	1024	Windows	Firefox	3BAKUKE49HCVU2ZVM73JJZ11XMVR1O	39I6UD9LVI4PCHHJTY30PRG1RU36NF	Alien Biodiversity Study 2B	An 8-minute experiment where we ask you about some "alien" species.	language research stanford fun cognitive science university	$0.60	Wed Jun 25 10:53:48 PDT 2014	10	0	0	10	Reviewable	NotReviewed	1 cond	1800	60000	Fri Jul 25 10:53:48 PDT 2014	https://requester.mturk.com/mturk/manageHIT?HITId=3BAKUKE49HCVU2ZVM73JJZ11XMVR1O	3WYP994K17R2L9A8WACWBBGYN9ZY65	4	Approved	Thu Jun 26 03:39:10 PDT 2014	Wed Jun 25 10:55:37 PDT 2014	Wed Jun 25 10:59:10 PDT 2014	Wed Jun 25 10:59:44 PDT 2014				
4	3	generic	0.5	fangs	0.1	NA	fish	NA	ript	0.97	English	2	32	Female	Yes	2	768	800	600	1024	Windows	Firefox	3BAKUKE49HCVU2ZVM73JJZ11XMVR1O	39I6UD9LVI4PCHHJTY30PRG1RU36NF	Alien Biodiversity Study 2B	An 8-minute experiment where we ask you about some "alien" species.	language research stanford fun cognitive science university	$0.60	Wed Jun 25 10:53:48 PDT 2014	10	0	0	10	Reviewable	NotReviewed	1 cond	1800	60000	Fri Jul 25 10:53:48 PDT 2014	https://requester.mturk.com/mturk/manageHIT?HITId=3BAKUKE49HCVU2ZVM73JJZ11XMVR1O	3WYP994K17R2L9A8WACWBBGYN9ZY65	4	Approved	Thu Jun 26 03:39:10 PDT 2014	Wed Jun 25 10:55:37 PDT 2014	Wed Jun 25 10:59:10 PDT 2014	Wed Jun 25 10:59:44 PDT 2014				
4	4	familiarization	0.9	thorns	0.5	0	flower	[]	monx	monxes	English	2	32	Female	Yes	2	768	800	600	1024	Windows	Firefox	3BAKUKE49HCVU2ZVM73JJZ11XMVR1O	39I6UD9LVI4PCHHJTY30PRG1RU36NF	Alien Biodiversity Study 2B	An 8-minute experiment where we ask you about some "alien" species.	language research stanford fun cognitive science university	$0.60	Wed Jun 25 10:53:48 PDT 2014	10	0	0	10	Reviewable	NotReviewed	1 cond	1800	60000	Fri Jul 25 10:53:48 PDT 2014	https://requester.mturk.com/mturk/manageHIT?HITId=3BAKUKE49HCVU2ZVM73JJZ11XMVR1O	3WYP994K17R2L9A8WACWBBGYN9ZY65	4	Approved	Thu Jun 26 03:39:10 PDT 2014	Wed Jun 25 10:55:37 PDT 2014	Wed Jun 25 10:59:10 PDT 2014	Wed Jun 25 10:59:44 PDT 2014				
4	5	familiarization	0.5	thorns	0.9	0	flower	[]	hinx	hinxes	English	2	32	Female	Yes	2	768	800	600	1024	Windows	Firefox	3BAKUKE49HCVU2ZVM73JJZ11XMVR1O	39I6UD9LVI4PCHHJTY30PRG1RU36NF	Alien Biodiversity Study 2B	An 8-minute experiment where we ask you about some "alien" species.	language research stanford fun cognitive science university	$0.60	Wed Jun 25 10:53:48 PDT 2014	10	0	0	10	Reviewable	NotReviewed	1 cond	1800	60000	Fri Jul 25 10:53:48 PDT 2014	https://requester.mturk.com/mturk/manageHIT?HITId=3BAKUKE49HCVU2ZVM73JJZ11XMVR1O	3WYP994K17R2L9A8WACWBBGYN9ZY65	4	Approved	Thu Jun 26 03:39:10 PDT 2014	Wed Jun 25 10:55:37 PDT 2014	Wed Jun 25 10:59:10 PDT 2014	Wed Jun 25 10:59:44 PDT 2014				
4	6	generic	0.9	thorns	0.5	NA	flower	NA	monx	0.95	English	2	32	Female	Yes	2	768	800	600	1024	Windows	Firefox	3BAKUKE49HCVU2ZVM73JJZ11XMVR1O	39I6UD9LVI4PCHHJTY30PRG1RU36NF	Alien Biodiversity Study 2B	An 8-minute experiment where we ask you about some "alien" species.	language research stanford fun cognitive science university	$0.60	Wed Jun 25 10:53:48 PDT 2014	10	0	0	10	Reviewable	NotReviewed	1 cond	1800	60000	Fri Jul 25 10:53:48 PDT 2014	https://requester.mturk.com/mturk/manageHIT?HITId=3BAKUKE49HCVU2ZVM73JJZ11XMVR1O	3WYP994K17R2L9A8WACWBBGYN9ZY65	4	Approved	Thu Jun 26 03:39:10 PDT 2014	Wed Jun 25 10:55:37 PDT 2014	Wed Jun 25 10:59:10 PDT 2014	Wed Jun 25 10:59:44 PDT 2014				
4	7	generic	0.5	thorns	0.9	NA	flower	NA	hinx	0.98	English	2	32	Female	Yes	2	768	800	600	1024	Windows	Firefox	3BAKUKE49HCVU2ZVM73JJZ11XMVR1O	39I6UD9LVI4PCHHJTY30PRG1RU36NF	Alien Biodiversity Study 2B	An 8-minute experiment where we ask you about some "alien" species.	language research stanford fun cognitive science university	$0.60	Wed Jun 25 10:53:48 PDT 2014	10	0	0	10	Reviewable	NotReviewed	1 cond	1800	60000	Fri Jul 25 10:53:48 PDT 2014	https://requester.mturk.com/mturk/manageHIT?HITId=3BAKUKE49HCVU2ZVM73JJZ11XMVR1O	3WYP994K17R2L9A8WACWBBGYN9ZY65	4	Approved	Thu Jun 26 03:39:10 PDT 2014	Wed Jun 25 10:55:37 PDT 2014	Wed Jun 25 10:59:10 PDT 2014	Wed Jun 25 10:59:44 PDT 2014				
4	8	familiarization	0.5	crest	0.5	0	bird	[]	thog	thogs	English	2	32	Female	Yes	2	768	800	600	1024	Windows	Firefox	3BAKUKE49HCVU2ZVM73JJZ11XMVR1O	39I6UD9LVI4PCHHJTY30PRG1RU36NF	Alien Biodiversity Study 2B	An 8-minute experiment where we ask you about some "alien" species.	language research stanford fun cognitive science university	$0.60	Wed Jun 25 10:53:48 PDT 2014	10	0	0	10	Reviewable	NotReviewed	1 cond	1800	60000	Fri Jul 25 10:53:48 PDT 2014	https://requester.mturk.com/mturk/manageHIT?HITId=3BAKUKE49HCVU2ZVM73JJZ11XMVR1O	3WYP994K17R2L9A8WACWBBGYN9ZY65	4	Approved	Thu Jun 26 03:39:10 PDT 2014	Wed Jun 25 10:55:37 PDT 2014	Wed Jun 25 10:59:10 PDT 2014	Wed Jun 25 10:59:44 PDT 2014				
4	9	familiarization	0.5	crest	0.5	0	bird	[]	mork	morks	English	2	32	Female	Yes	2	768	800	600	1024	Windows	Firefox	3BAKUKE49HCVU2ZVM73JJZ11XMVR1O	39I6UD9LVI4PCHHJTY30PRG1RU36NF	Alien Biodiversity Study 2B	An 8-minute experiment where we ask you about some "alien" species.	language research stanford fun cognitive science university	$0.60	Wed Jun 25 10:53:48 PDT 2014	10	0	0	10	Reviewable	NotReviewed	1 cond	1800	60000	Fri Jul 25 10:53:48 PDT 2014	https://requester.mturk.com/mturk/manageHIT?HITId=3BAKUKE49HCVU2ZVM73JJZ11XMVR1O	3WYP994K17R2L9A8WACWBBGYN9ZY65	4	Approved	Thu Jun 26 03:39:10 PDT 2014	Wed Jun 25 10:55:37 PDT 2014	Wed Jun 25 10:59:10 PDT 2014	Wed Jun 25 10:59:44 PDT 2014				
4	10	generic	0.5	crest	0.5	NA	bird	NA	mork	0.95	English	2	32	Female	Yes	2	768	800	600	1024	Windows	Firefox	3BAKUKE49HCVU2ZVM73JJZ11XMVR1O	39I6UD9LVI4PCHHJTY30PRG1RU36NF	Alien Biodiversity Study 2B	An 8-minute experiment where we ask you about some "alien" species.	language research stanford fun cognitive science university	$0.60	Wed Jun 25 10:53:48 PDT 2014	10	0	0	10	Reviewable	NotReviewed	1 cond	1800	60000	Fri Jul 25 10:53:48 PDT 2014	https://requester.mturk.com/mturk/manageHIT?HITId=3BAKUKE49HCVU2ZVM73JJZ11XMVR1O	3WYP994K17R2L9A8WACWBBGYN9ZY65	4	Approved	Thu Jun 26 03:39:10 PDT 2014	Wed Jun 25 10:55:37 PDT 2014	Wed Jun 25 10:59:10 PDT 2014	Wed Jun 25 10:59:44 PDT 2014				
4	11	generic	0.5	crest	0.5	NA	bird	NA	thog	0.97	English	2	32	Female	Yes	2	768	800	600	1024	Windows	Firefox	3BAKUKE49HCVU2ZVM73JJZ11XMVR1O	39I6UD9LVI4PCHHJTY30PRG1RU36NF	Alien Biodiversity Study 2B	An 8-minute experiment where we ask you about some "alien" species.	language research stanford fun cognitive science university	$0.60	Wed Jun 25 10:53:48 PDT 2014	10	0	0	10	Reviewable	NotReviewed	1 cond	1800	60000	Fri Jul 25 10:53:48 PDT 2014	https://requester.mturk.com/mturk/manageHIT?HITId=3BAKUKE49HCVU2ZVM73JJZ11XMVR1O	3WYP994K17R2L9A8WACWBBGYN9ZY65	4	Approved	Thu Jun 26 03:39:10 PDT 2014	Wed Jun 25 10:55:37 PDT 2014	Wed Jun 25 10:59:10 PDT 2014	Wed Jun 25 10:59:44 PDT 2014				
5	0	familiarization	0.5	spots	0.5	0	flower	[]	hisp	hisps	English	2	38	Male	Yes	3	640	800	600	1138	Windows	Firefox	3BAKUKE49HCVU2ZVM73JJZ11XMVR1O	39I6UD9LVI4PCHHJTY30PRG1RU36NF	Alien Biodiversity Study 2B	An 8-minute experiment where we ask you about some "alien" species.	language research stanford fun cognitive science university	$0.60	Wed Jun 25 10:53:48 PDT 2014	10	0	0	10	Reviewable	NotReviewed	1 cond	1800	60000	Fri Jul 25 10:53:48 PDT 2014	https://requester.mturk.com/mturk/manageHIT?HITId=3BAKUKE49HCVU2ZVM73JJZ11XMVR1O	3AAPLD8UCCHM1CVVING10LD9HLXHT0	5	Approved	Thu Jun 26 03:39:17 PDT 2014	Wed Jun 25 10:55:18 PDT 2014	Wed Jun 25 10:59:17 PDT 2014	Wed Jun 25 11:03:10 PDT 2014				
5	1	familiarization	0.5	spots	0.5	0	flower	[]	dax	daxes	English	2	38	Male	Yes	3	640	800	600	1138	Windows	Firefox	3BAKUKE49HCVU2ZVM73JJZ11XMVR1O	39I6UD9LVI4PCHHJTY30PRG1RU36NF	Alien Biodiversity Study 2B	An 8-minute experiment where we ask you about some "alien" species.	language research stanford fun cognitive science university	$0.60	Wed Jun 25 10:53:48 PDT 2014	10	0	0	10	Reviewable	NotReviewed	1 cond	1800	60000	Fri Jul 25 10:53:48 PDT 2014	https://requester.mturk.com/mturk/manageHIT?HITId=3BAKUKE49HCVU2ZVM73JJZ11XMVR1O	3AAPLD8UCCHM1CVVING10LD9HLXHT0	5	Approved	Thu Jun 26 03:39:17 PDT 2014	Wed Jun 25 10:55:18 PDT 2014	Wed Jun 25 10:59:17 PDT 2014	Wed Jun 25 11:03:10 PDT 2014				
5	2	generic	0.5	spots	0.5	NA	flower	NA	hisp	0.68	English	2	38	Male	Yes	3	640	800	600	1138	Windows	Firefox	3BAKUKE49HCVU2ZVM73JJZ11XMVR1O	39I6UD9LVI4PCHHJTY30PRG1RU36NF	Alien Biodiversity Study 2B	An 8-minute experiment where we ask you about some "alien" species.	language research stanford fun cognitive science university	$0.60	Wed Jun 25 10:53:48 PDT 2014	10	0	0	10	Reviewable	NotReviewed	1 cond	1800	60000	Fri Jul 25 10:53:48 PDT 2014	https://requester.mturk.com/mturk/manageHIT?HITId=3BAKUKE49HCVU2ZVM73JJZ11XMVR1O	3AAPLD8UCCHM1CVVING10LD9HLXHT0	5	Approved	Thu Jun 26 03:39:17 PDT 2014	Wed Jun 25 10:55:18 PDT 2014	Wed Jun 25 10:59:17 PDT 2014	Wed Jun 25 11:03:10 PDT 2014				
5	3	generic	0.5	spots	0.5	NA	flower	NA	dax	0.73	English	2	38	Male	Yes	3	640	800	600	1138	Windows	Firefox	3BAKUKE49HCVU2ZVM73JJZ11XMVR1O	39I6UD9LVI4PCHHJTY30PRG1RU36NF	Alien Biodiversity Study 2B	An 8-minute experiment where we ask you about some "alien" species.	language research stanford fun cognitive science university	$0.60	Wed Jun 25 10:53:48 PDT 2014	10	0	0	10	Reviewable	NotReviewed	1 cond	1800	60000	Fri Jul 25 10:53:48 PDT 2014	https://requester.mturk.com/mturk/manageHIT?HITId=3BAKUKE49HCVU2ZVM73JJZ11XMVR1O	3AAPLD8UCCHM1CVVING10LD9HLXHT0	5	Approved	Thu Jun 26 03:39:17 PDT 2014	Wed Jun 25 10:55:18 PDT 2014	Wed Jun 25 10:59:17 PDT 2014	Wed Jun 25 11:03:10 PDT 2014				
5	4	familiarization	0.5	fangs	0.1	0	fish	[]	zop	zops	English	2	38	Male	Yes	3	640	800	600	1138	Windows	Firefox	3BAKUKE49HCVU2ZVM73JJZ11XMVR1O	39I6UD9LVI4PCHHJTY30PRG1RU36NF	Alien Biodiversity Study 2B	An 8-minute experiment where we ask you about some "alien" species.	language research stanford fun cognitive science university	$0.60	Wed Jun 25 10:53:48 PDT 2014	10	0	0	10	Reviewable	NotReviewed	1 cond	1800	60000	Fri Jul 25 10:53:48 PDT 2014	https://requester.mturk.com/mturk/manageHIT?HITId=3BAKUKE49HCVU2ZVM73JJZ11XMVR1O	3AAPLD8UCCHM1CVVING10LD9HLXHT0	5	Approved	Thu Jun 26 03:39:17 PDT 2014	Wed Jun 25 10:55:18 PDT 2014	Wed Jun 25 10:59:17 PDT 2014	Wed Jun 25 11:03:10 PDT 2014				
5	5	familiarization	0.1	fangs	0.5	1	fish	[]	blim	blims	English	2	38	Male	Yes	3	640	800	600	1138	Windows	Firefox	3BAKUKE49HCVU2ZVM73JJZ11XMVR1O	39I6UD9LVI4PCHHJTY30PRG1RU36NF	Alien Biodiversity Study 2B	An 8-minute experiment where we ask you about some "alien" species.	language research stanford fun cognitive science university	$0.60	Wed Jun 25 10:53:48 PDT 2014	10	0	0	10	Reviewable	NotReviewed	1 cond	1800	60000	Fri Jul 25 10:53:48 PDT 2014	https://requester.mturk.com/mturk/manageHIT?HITId=3BAKUKE49HCVU2ZVM73JJZ11XMVR1O	3AAPLD8UCCHM1CVVING10LD9HLXHT0	5	Approved	Thu Jun 26 03:39:17 PDT 2014	Wed Jun 25 10:55:18 PDT 2014	Wed Jun 25 10:59:17 PDT 2014	Wed Jun 25 11:03:10 PDT 2014				
5	6	generic	0.5	fangs	0.1	NA	fish	NA	zop	0.05	English	2	38	Male	Yes	3	640	800	600	1138	Windows	Firefox	3BAKUKE49HCVU2ZVM73JJZ11XMVR1O	39I6UD9LVI4PCHHJTY30PRG1RU36NF	Alien Biodiversity Study 2B	An 8-minute experiment where we ask you about some "alien" species.	language research stanford fun cognitive science university	$0.60	Wed Jun 25 10:53:48 PDT 2014	10	0	0	10	Reviewable	NotReviewed	1 cond	1800	60000	Fri Jul 25 10:53:48 PDT 2014	https://requester.mturk.com/mturk/manageHIT?HITId=3BAKUKE49HCVU2ZVM73JJZ11XMVR1O	3AAPLD8UCCHM1CVVING10LD9HLXHT0	5	Approved	Thu Jun 26 03:39:17 PDT 2014	Wed Jun 25 10:55:18 PDT 2014	Wed Jun 25 10:59:17 PDT 2014	Wed Jun 25 11:03:10 PDT 2014				
5	7	generic	0.1	fangs	0.5	NA	fish	NA	blim	0.72	English	2	38	Male	Yes	3	640	800	600	1138	Windows	Firefox	3BAKUKE49HCVU2ZVM73JJZ11XMVR1O	39I6UD9LVI4PCHHJTY30PRG1RU36NF	Alien Biodiversity Study 2B	An 8-minute experiment where we ask you about some "alien" species.	language research stanford fun cognitive science university	$0.60	Wed Jun 25 10:53:48 PDT 2014	10	0	0	10	Reviewable	NotReviewed	1 cond	1800	60000	Fri Jul 25 10:53:48 PDT 2014	https://requester.mturk.com/mturk/manageHIT?HITId=3BAKUKE49HCVU2ZVM73JJZ11XMVR1O	3AAPLD8UCCHM1CVVING10LD9HLXHT0	5	Approved	Thu Jun 26 03:39:17 PDT 2014	Wed Jun 25 10:55:18 PDT 2014	Wed Jun 25 10:59:17 PDT 2014	Wed Jun 25 11:03:10 PDT 2014				
5	8	familiarization	0.5	tail	0.9	0	bird	[]	murp	murps	English	2	38	Male	Yes	3	640	800	600	1138	Windows	Firefox	3BAKUKE49HCVU2ZVM73JJZ11XMVR1O	39I6UD9LVI4PCHHJTY30PRG1RU36NF	Alien Biodiversity Study 2B	An 8-minute experiment where we ask you about some "alien" species.	language research stanford fun cognitive science university	$0.60	Wed Jun 25 10:53:48 PDT 2014	10	0	0	10	Reviewable	NotReviewed	1 cond	1800	60000	Fri Jul 25 10:53:48 PDT 2014	https://requester.mturk.com/mturk/manageHIT?HITId=3BAKUKE49HCVU2ZVM73JJZ11XMVR1O	3AAPLD8UCCHM1CVVING10LD9HLXHT0	5	Approved	Thu Jun 26 03:39:17 PDT 2014	Wed Jun 25 10:55:18 PDT 2014	Wed Jun 25 10:59:17 PDT 2014	Wed Jun 25 11:03:10 PDT 2014				
5	9	familiarization	0.9	tail	0.5	0	bird	[]	hinx	hinxes	English	2	38	Male	Yes	3	640	800	600	1138	Windows	Firefox	3BAKUKE49HCVU2ZVM73JJZ11XMVR1O	39I6UD9LVI4PCHHJTY30PRG1RU36NF	Alien Biodiversity Study 2B	An 8-minute experiment where we ask you about some "alien" species.	language research stanford fun cognitive science university	$0.60	Wed Jun 25 10:53:48 PDT 2014	10	0	0	10	Reviewable	NotReviewed	1 cond	1800	60000	Fri Jul 25 10:53:48 PDT 2014	https://requester.mturk.com/mturk/manageHIT?HITId=3BAKUKE49HCVU2ZVM73JJZ11XMVR1O	3AAPLD8UCCHM1CVVING10LD9HLXHT0	5	Approved	Thu Jun 26 03:39:17 PDT 2014	Wed Jun 25 10:55:18 PDT 2014	Wed Jun 25 10:59:17 PDT 2014	Wed Jun 25 11:03:10 PDT 2014				
5	10	generic	0.5	tail	0.9	NA	bird	NA	murp	0.62	English	2	38	Male	Yes	3	640	800	600	1138	Windows	Firefox	3BAKUKE49HCVU2ZVM73JJZ11XMVR1O	39I6UD9LVI4PCHHJTY30PRG1RU36NF	Alien Biodiversity Study 2B	An 8-minute experiment where we ask you about some "alien" species.	language research stanford fun cognitive science university	$0.60	Wed Jun 25 10:53:48 PDT 2014	10	0	0	10	Reviewable	NotReviewed	1 cond	1800	60000	Fri Jul 25 10:53:48 PDT 2014	https://requester.mturk.com/mturk/manageHIT?HITId=3BAKUKE49HCVU2ZVM73JJZ11XMVR1O	3AAPLD8UCCHM1CVVING10LD9HLXHT0	5	Approved	Thu Jun 26 03:39:17 PDT 2014	Wed Jun 25 10:55:18 PDT 2014	Wed Jun 25 10:59:17 PDT 2014	Wed Jun 25 11:03:10 PDT 2014				
5	11	generic	0.9	tail	0.5	NA	bird	NA	hinx	0.47	English	2	38	Male	Yes	3	640	800	600	1138	Windows	Firefox	3BAKUKE49HCVU2ZVM73JJZ11XMVR1O	39I6UD9LVI4PCHHJTY30PRG1RU36NF	Alien Biodiversity Study 2B	An 8-minute experiment where we ask you about some "alien" species.	language research stanford fun cognitive science university	$0.60	Wed Jun 25 10:53:48 PDT 2014	10	0	0	10	Reviewable	NotReviewed	1 cond	1800	60000	Fri Jul 25 10:53:48 PDT 2014	https://requester.mturk.com/mturk/manageHIT?HITId=3BAKUKE49HCVU2ZVM73JJZ11XMVR1O	3AAPLD8UCCHM1CVVING10LD9HLXHT0	5	Approved	Thu Jun 26 03:39:17 PDT 2014	Wed Jun 25 10:55:18 PDT 2014	Wed Jun 25 10:59:17 PDT 2014	Wed Jun 25 11:03:10 PDT 2014				
6	0	familiarization	0.5	crest	0.5	0	bird	[]	tig	Tigs	English	2	27	Male	NA	2	1024	800	600	1280	Linux	Chrome	3BAKUKE49HCVU2ZVM73JJZ11XMVR1O	39I6UD9LVI4PCHHJTY30PRG1RU36NF	Alien Biodiversity Study 2B	An 8-minute experiment where we ask you about some "alien" species.	language research stanford fun cognitive science university	$0.60	Wed Jun 25 10:53:48 PDT 2014	10	0	0	10	Reviewable	NotReviewed	1 cond	1800	60000	Fri Jul 25 10:53:48 PDT 2014	https://requester.mturk.com/mturk/manageHIT?HITId=3BAKUKE49HCVU2ZVM73JJZ11XMVR1O	3MHW492WW0DN6I0VEFWTT89QVSCVM3	6	Approved	Thu Jun 26 03:40:29 PDT 2014	Wed Jun 25 10:56:59 PDT 2014	Wed Jun 25 11:00:29 PDT 2014	Wed Jun 25 11:03:10 PDT 2014				
6	1	familiarization	0.5	crest	0.5	0	bird	[]	polt	Polts	English	2	27	Male	NA	2	1024	800	600	1280	Linux	Chrome	3BAKUKE49HCVU2ZVM73JJZ11XMVR1O	39I6UD9LVI4PCHHJTY30PRG1RU36NF	Alien Biodiversity Study 2B	An 8-minute experiment where we ask you about some "alien" species.	language research stanford fun cognitive science university	$0.60	Wed Jun 25 10:53:48 PDT 2014	10	0	0	10	Reviewable	NotReviewed	1 cond	1800	60000	Fri Jul 25 10:53:48 PDT 2014	https://requester.mturk.com/mturk/manageHIT?HITId=3BAKUKE49HCVU2ZVM73JJZ11XMVR1O	3MHW492WW0DN6I0VEFWTT89QVSCVM3	6	Approved	Thu Jun 26 03:40:29 PDT 2014	Wed Jun 25 10:56:59 PDT 2014	Wed Jun 25 11:00:29 PDT 2014	Wed Jun 25 11:03:10 PDT 2014				
6	2	generic	0.5	crest	0.5	NA	bird	NA	polt	0.35	English	2	27	Male	NA	2	1024	800	600	1280	Linux	Chrome	3BAKUKE49HCVU2ZVM73JJZ11XMVR1O	39I6UD9LVI4PCHHJTY30PRG1RU36NF	Alien Biodiversity Study 2B	An 8-minute experiment where we ask you about some "alien" species.	language research stanford fun cognitive science university	$0.60	Wed Jun 25 10:53:48 PDT 2014	10	0	0	10	Reviewable	NotReviewed	1 cond	1800	60000	Fri Jul 25 10:53:48 PDT 2014	https://requester.mturk.com/mturk/manageHIT?HITId=3BAKUKE49HCVU2ZVM73JJZ11XMVR1O	3MHW492WW0DN6I0VEFWTT89QVSCVM3	6	Approved	Thu Jun 26 03:40:29 PDT 2014	Wed Jun 25 10:56:59 PDT 2014	Wed Jun 25 11:00:29 PDT 2014	Wed Jun 25 11:03:10 PDT 2014				
6	3	generic	0.5	crest	0.5	NA	bird	NA	tig	0.24	English	2	27	Male	NA	2	1024	800	600	1280	Linux	Chrome	3BAKUKE49HCVU2ZVM73JJZ11XMVR1O	39I6UD9LVI4PCHHJTY30PRG1RU36NF	Alien Biodiversity Study 2B	An 8-minute experiment where we ask you about some "alien" species.	language research stanford fun cognitive science university	$0.60	Wed Jun 25 10:53:48 PDT 2014	10	0	0	10	Reviewable	NotReviewed	1 cond	1800	60000	Fri Jul 25 10:53:48 PDT 2014	https://requester.mturk.com/mturk/manageHIT?HITId=3BAKUKE49HCVU2ZVM73JJZ11XMVR1O	3MHW492WW0DN6I0VEFWTT89QVSCVM3	6	Approved	Thu Jun 26 03:40:29 PDT 2014	Wed Jun 25 10:56:59 PDT 2014	Wed Jun 25 11:00:29 PDT 2014	Wed Jun 25 11:03:10 PDT 2014				
6	4	familiarization	0.5	spots	0.9	0	flower	[]	hoff	Hoffs	English	2	27	Male	NA	2	1024	800	600	1280	Linux	Chrome	3BAKUKE49HCVU2ZVM73JJZ11XMVR1O	39I6UD9LVI4PCHHJTY30PRG1RU36NF	Alien Biodiversity Study 2B	An 8-minute experiment where we ask you about some "alien" species.	language research stanford fun cognitive science university	$0.60	Wed Jun 25 10:53:48 PDT 2014	10	0	0	10	Reviewable	NotReviewed	1 cond	1800	60000	Fri Jul 25 10:53:48 PDT 2014	https://requester.mturk.com/mturk/manageHIT?HITId=3BAKUKE49HCVU2ZVM73JJZ11XMVR1O	3MHW492WW0DN6I0VEFWTT89QVSCVM3	6	Approved	Thu Jun 26 03:40:29 PDT 2014	Wed Jun 25 10:56:59 PDT 2014	Wed Jun 25 11:00:29 PDT 2014	Wed Jun 25 11:03:10 PDT 2014				
6	5	familiarization	0.9	spots	0.5	0	flower	[]	hoil	Hoils	English	2	27	Male	NA	2	1024	800	600	1280	Linux	Chrome	3BAKUKE49HCVU2ZVM73JJZ11XMVR1O	39I6UD9LVI4PCHHJTY30PRG1RU36NF	Alien Biodiversity Study 2B	An 8-minute experiment where we ask you about some "alien" species.	language research stanford fun cognitive science university	$0.60	Wed Jun 25 10:53:48 PDT 2014	10	0	0	10	Reviewable	NotReviewed	1 cond	1800	60000	Fri Jul 25 10:53:48 PDT 2014	https://requester.mturk.com/mturk/manageHIT?HITId=3BAKUKE49HCVU2ZVM73JJZ11XMVR1O	3MHW492WW0DN6I0VEFWTT89QVSCVM3	6	Approved	Thu Jun 26 03:40:29 PDT 2014	Wed Jun 25 10:56:59 PDT 2014	Wed Jun 25 11:00:29 PDT 2014	Wed Jun 25 11:03:10 PDT 2014				
6	6	generic	0.9	spots	0.5	NA	flower	NA	hoil	0.16	English	2	27	Male	NA	2	1024	800	600	1280	Linux	Chrome	3BAKUKE49HCVU2ZVM73JJZ11XMVR1O	39I6UD9LVI4PCHHJTY30PRG1RU36NF	Alien Biodiversity Study 2B	An 8-minute experiment where we ask you about some "alien" species.	language research stanford fun cognitive science university	$0.60	Wed Jun 25 10:53:48 PDT 2014	10	0	0	10	Reviewable	NotReviewed	1 cond	1800	60000	Fri Jul 25 10:53:48 PDT 2014	https://requester.mturk.com/mturk/manageHIT?HITId=3BAKUKE49HCVU2ZVM73JJZ11XMVR1O	3MHW492WW0DN6I0VEFWTT89QVSCVM3	6	Approved	Thu Jun 26 03:40:29 PDT 2014	Wed Jun 25 10:56:59 PDT 2014	Wed Jun 25 11:00:29 PDT 2014	Wed Jun 25 11:03:10 PDT 2014				
6	7	generic	0.5	spots	0.9	NA	flower	NA	hoff	0.89	English	2	27	Male	NA	2	1024	800	600	1280	Linux	Chrome	3BAKUKE49HCVU2ZVM73JJZ11XMVR1O	39I6UD9LVI4PCHHJTY30PRG1RU36NF	Alien Biodiversity Study 2B	An 8-minute experiment where we ask you about some "alien" species.	language research stanford fun cognitive science university	$0.60	Wed Jun 25 10:53:48 PDT 2014	10	0	0	10	Reviewable	NotReviewed	1 cond	1800	60000	Fri Jul 25 10:53:48 PDT 2014	https://requester.mturk.com/mturk/manageHIT?HITId=3BAKUKE49HCVU2ZVM73JJZ11XMVR1O	3MHW492WW0DN6I0VEFWTT89QVSCVM3	6	Approved	Thu Jun 26 03:40:29 PDT 2014	Wed Jun 25 10:56:59 PDT 2014	Wed Jun 25 11:00:29 PDT 2014	Wed Jun 25 11:03:10 PDT 2014				
6	8	familiarization	0.1	whiskers	0.5	0	fish	[]	mork	Mork	English	2	27	Male	NA	2	1024	800	600	1280	Linux	Chrome	3BAKUKE49HCVU2ZVM73JJZ11XMVR1O	39I6UD9LVI4PCHHJTY30PRG1RU36NF	Alien Biodiversity Study 2B	An 8-minute experiment where we ask you about some "alien" species.	language research stanford fun cognitive science university	$0.60	Wed Jun 25 10:53:48 PDT 2014	10	0	0	10	Reviewable	NotReviewed	1 cond	1800	60000	Fri Jul 25 10:53:48 PDT 2014	https://requester.mturk.com/mturk/manageHIT?HITId=3BAKUKE49HCVU2ZVM73JJZ11XMVR1O	3MHW492WW0DN6I0VEFWTT89QVSCVM3	6	Approved	Thu Jun 26 03:40:29 PDT 2014	Wed Jun 25 10:56:59 PDT 2014	Wed Jun 25 11:00:29 PDT 2014	Wed Jun 25 11:03:10 PDT 2014				
6	9	familiarization	0.5	whiskers	0.1	0	fish	[]	monx	Monxes	English	2	27	Male	NA	2	1024	800	600	1280	Linux	Chrome	3BAKUKE49HCVU2ZVM73JJZ11XMVR1O	39I6UD9LVI4PCHHJTY30PRG1RU36NF	Alien Biodiversity Study 2B	An 8-minute experiment where we ask you about some "alien" species.	language research stanford fun cognitive science university	$0.60	Wed Jun 25 10:53:48 PDT 2014	10	0	0	10	Reviewable	NotReviewed	1 cond	1800	60000	Fri Jul 25 10:53:48 PDT 2014	https://requester.mturk.com/mturk/manageHIT?HITId=3BAKUKE49HCVU2ZVM73JJZ11XMVR1O	3MHW492WW0DN6I0VEFWTT89QVSCVM3	6	Approved	Thu Jun 26 03:40:29 PDT 2014	Wed Jun 25 10:56:59 PDT 2014	Wed Jun 25 11:00:29 PDT 2014	Wed Jun 25 11:03:10 PDT 2014				
6	10	generic	0.5	whiskers	0.1	NA	fish	NA	monx	0	English	2	27	Male	NA	2	1024	800	600	1280	Linux	Chrome	3BAKUKE49HCVU2ZVM73JJZ11XMVR1O	39I6UD9LVI4PCHHJTY30PRG1RU36NF	Alien Biodiversity Study 2B	An 8-minute experiment where we ask you about some "alien" species.	language research stanford fun cognitive science university	$0.60	Wed Jun 25 10:53:48 PDT 2014	10	0	0	10	Reviewable	NotReviewed	1 cond	1800	60000	Fri Jul 25 10:53:48 PDT 2014	https://requester.mturk.com/mturk/manageHIT?HITId=3BAKUKE49HCVU2ZVM73JJZ11XMVR1O	3MHW492WW0DN6I0VEFWTT89QVSCVM3	6	Approved	Thu Jun 26 03:40:29 PDT 2014	Wed Jun 25 10:56:59 PDT 2014	Wed Jun 25 11:00:29 PDT 2014	Wed Jun 25 11:03:10 PDT 2014				
6	11	generic	0.1	whiskers	0.5	NA	fish	NA	mork	0.44	English	2	27	Male	NA	2	1024	800	600	1280	Linux	Chrome	3BAKUKE49HCVU2ZVM73JJZ11XMVR1O	39I6UD9LVI4PCHHJTY30PRG1RU36NF	Alien Biodiversity Study 2B	An 8-minute experiment where we ask you about some "alien" species.	language research stanford fun cognitive science university	$0.60	Wed Jun 25 10:53:48 PDT 2014	10	0	0	10	Reviewable	NotReviewed	1 cond	1800	60000	Fri Jul 25 10:53:48 PDT 2014	https://requester.mturk.com/mturk/manageHIT?HITId=3BAKUKE49HCVU2ZVM73JJZ11XMVR1O	3MHW492WW0DN6I0VEFWTT89QVSCVM3	6	Approved	Thu Jun 26 03:40:29 PDT 2014	Wed Jun 25 10:56:59 PDT 2014	Wed Jun 25 11:00:29 PDT 2014	Wed Jun 25 11:03:10 PDT 2014				
7	0	familiarization	0.9	spots	0.5	0	flower	[]	blim	blims	English	2	36	Female	No	2	1280	800	600	2277	Windows	Firefox	3BAKUKE49HCVU2ZVM73JJZ11XMVR1O	39I6UD9LVI4PCHHJTY30PRG1RU36NF	Alien Biodiversity Study 2B	An 8-minute experiment where we ask you about some "alien" species.	language research stanford fun cognitive science university	$0.60	Wed Jun 25 10:53:48 PDT 2014	10	0	0	10	Reviewable	NotReviewed	1 cond	1800	60000	Fri Jul 25 10:53:48 PDT 2014	https://requester.mturk.com/mturk/manageHIT?HITId=3BAKUKE49HCVU2ZVM73JJZ11XMVR1O	3C2NJ6JBKAHKR9NT26RI4I1F3KT2N2	7	Approved	Thu Jun 26 03:42:42 PDT 2014	Wed Jun 25 10:58:55 PDT 2014	Wed Jun 25 11:02:42 PDT 2014	Wed Jun 25 11:04:53 PDT 2014				
7	1	familiarization	0.5	spots	0.9	0	flower	[]	monx	monxes	English	2	36	Female	No	2	1280	800	600	2277	Windows	Firefox	3BAKUKE49HCVU2ZVM73JJZ11XMVR1O	39I6UD9LVI4PCHHJTY30PRG1RU36NF	Alien Biodiversity Study 2B	An 8-minute experiment where we ask you about some "alien" species.	language research stanford fun cognitive science university	$0.60	Wed Jun 25 10:53:48 PDT 2014	10	0	0	10	Reviewable	NotReviewed	1 cond	1800	60000	Fri Jul 25 10:53:48 PDT 2014	https://requester.mturk.com/mturk/manageHIT?HITId=3BAKUKE49HCVU2ZVM73JJZ11XMVR1O	3C2NJ6JBKAHKR9NT26RI4I1F3KT2N2	7	Approved	Thu Jun 26 03:42:42 PDT 2014	Wed Jun 25 10:58:55 PDT 2014	Wed Jun 25 11:02:42 PDT 2014	Wed Jun 25 11:04:53 PDT 2014				
7	2	generic	0.5	spots	0.9	NA	flower	NA	monx	0.93	English	2	36	Female	No	2	1280	800	600	2277	Windows	Firefox	3BAKUKE49HCVU2ZVM73JJZ11XMVR1O	39I6UD9LVI4PCHHJTY30PRG1RU36NF	Alien Biodiversity Study 2B	An 8-minute experiment where we ask you about some "alien" species.	language research stanford fun cognitive science university	$0.60	Wed Jun 25 10:53:48 PDT 2014	10	0	0	10	Reviewable	NotReviewed	1 cond	1800	60000	Fri Jul 25 10:53:48 PDT 2014	https://requester.mturk.com/mturk/manageHIT?HITId=3BAKUKE49HCVU2ZVM73JJZ11XMVR1O	3C2NJ6JBKAHKR9NT26RI4I1F3KT2N2	7	Approved	Thu Jun 26 03:42:42 PDT 2014	Wed Jun 25 10:58:55 PDT 2014	Wed Jun 25 11:02:42 PDT 2014	Wed Jun 25 11:04:53 PDT 2014				
7	3	generic	0.9	spots	0.5	NA	flower	NA	blim	0.41	English	2	36	Female	No	2	1280	800	600	2277	Windows	Firefox	3BAKUKE49HCVU2ZVM73JJZ11XMVR1O	39I6UD9LVI4PCHHJTY30PRG1RU36NF	Alien Biodiversity Study 2B	An 8-minute experiment where we ask you about some "alien" species.	language research stanford fun cognitive science university	$0.60	Wed Jun 25 10:53:48 PDT 2014	10	0	0	10	Reviewable	NotReviewed	1 cond	1800	60000	Fri Jul 25 10:53:48 PDT 2014	https://requester.mturk.com/mturk/manageHIT?HITId=3BAKUKE49HCVU2ZVM73JJZ11XMVR1O	3C2NJ6JBKAHKR9NT26RI4I1F3KT2N2	7	Approved	Thu Jun 26 03:42:42 PDT 2014	Wed Jun 25 10:58:55 PDT 2014	Wed Jun 25 11:02:42 PDT 2014	Wed Jun 25 11:04:53 PDT 2014				
7	4	familiarization	0.5	tail	0.5	0	bird	[]	zop	zops	English	2	36	Female	No	2	1280	800	600	2277	Windows	Firefox	3BAKUKE49HCVU2ZVM73JJZ11XMVR1O	39I6UD9LVI4PCHHJTY30PRG1RU36NF	Alien Biodiversity Study 2B	An 8-minute experiment where we ask you about some "alien" species.	language research stanford fun cognitive science university	$0.60	Wed Jun 25 10:53:48 PDT 2014	10	0	0	10	Reviewable	NotReviewed	1 cond	1800	60000	Fri Jul 25 10:53:48 PDT 2014	https://requester.mturk.com/mturk/manageHIT?HITId=3BAKUKE49HCVU2ZVM73JJZ11XMVR1O	3C2NJ6JBKAHKR9NT26RI4I1F3KT2N2	7	Approved	Thu Jun 26 03:42:42 PDT 2014	Wed Jun 25 10:58:55 PDT 2014	Wed Jun 25 11:02:42 PDT 2014	Wed Jun 25 11:04:53 PDT 2014				
7	5	familiarization	0.5	tail	0.5	0	bird	[]	hoil	hoils	English	2	36	Female	No	2	1280	800	600	2277	Windows	Firefox	3BAKUKE49HCVU2ZVM73JJZ11XMVR1O	39I6UD9LVI4PCHHJTY30PRG1RU36NF	Alien Biodiversity Study 2B	An 8-minute experiment where we ask you about some "alien" species.	language research stanford fun cognitive science university	$0.60	Wed Jun 25 10:53:48 PDT 2014	10	0	0	10	Reviewable	NotReviewed	1 cond	1800	60000	Fri Jul 25 10:53:48 PDT 2014	https://requester.mturk.com/mturk/manageHIT?HITId=3BAKUKE49HCVU2ZVM73JJZ11XMVR1O	3C2NJ6JBKAHKR9NT26RI4I1F3KT2N2	7	Approved	Thu Jun 26 03:42:42 PDT 2014	Wed Jun 25 10:58:55 PDT 2014	Wed Jun 25 11:02:42 PDT 2014	Wed Jun 25 11:04:53 PDT 2014				
7	6	generic	0.5	tail	0.5	NA	bird	NA	zop	0.51	English	2	36	Female	No	2	1280	800	600	2277	Windows	Firefox	3BAKUKE49HCVU2ZVM73JJZ11XMVR1O	39I6UD9LVI4PCHHJTY30PRG1RU36NF	Alien Biodiversity Study 2B	An 8-minute experiment where we ask you about some "alien" species.	language research stanford fun cognitive science university	$0.60	Wed Jun 25 10:53:48 PDT 2014	10	0	0	10	Reviewable	NotReviewed	1 cond	1800	60000	Fri Jul 25 10:53:48 PDT 2014	https://requester.mturk.com/mturk/manageHIT?HITId=3BAKUKE49HCVU2ZVM73JJZ11XMVR1O	3C2NJ6JBKAHKR9NT26RI4I1F3KT2N2	7	Approved	Thu Jun 26 03:42:42 PDT 2014	Wed Jun 25 10:58:55 PDT 2014	Wed Jun 25 11:02:42 PDT 2014	Wed Jun 25 11:04:53 PDT 2014				
7	7	generic	0.5	tail	0.5	NA	bird	NA	hoil	0.27	English	2	36	Female	No	2	1280	800	600	2277	Windows	Firefox	3BAKUKE49HCVU2ZVM73JJZ11XMVR1O	39I6UD9LVI4PCHHJTY30PRG1RU36NF	Alien Biodiversity Study 2B	An 8-minute experiment where we ask you about some "alien" species.	language research stanford fun cognitive science university	$0.60	Wed Jun 25 10:53:48 PDT 2014	10	0	0	10	Reviewable	NotReviewed	1 cond	1800	60000	Fri Jul 25 10:53:48 PDT 2014	https://requester.mturk.com/mturk/manageHIT?HITId=3BAKUKE49HCVU2ZVM73JJZ11XMVR1O	3C2NJ6JBKAHKR9NT26RI4I1F3KT2N2	7	Approved	Thu Jun 26 03:42:42 PDT 2014	Wed Jun 25 10:58:55 PDT 2014	Wed Jun 25 11:02:42 PDT 2014	Wed Jun 25 11:04:53 PDT 2014				
7	8	familiarization	0.5	fangs	0.1	0	fish	[]	mopt	mopts	English	2	36	Female	No	2	1280	800	600	2277	Windows	Firefox	3BAKUKE49HCVU2ZVM73JJZ11XMVR1O	39I6UD9LVI4PCHHJTY30PRG1RU36NF	Alien Biodiversity Study 2B	An 8-minute experiment where we ask you about some "alien" species.	language research stanford fun cognitive science university	$0.60	Wed Jun 25 10:53:48 PDT 2014	10	0	0	10	Reviewable	NotReviewed	1 cond	1800	60000	Fri Jul 25 10:53:48 PDT 2014	https://requester.mturk.com/mturk/manageHIT?HITId=3BAKUKE49HCVU2ZVM73JJZ11XMVR1O	3C2NJ6JBKAHKR9NT26RI4I1F3KT2N2	7	Approved	Thu Jun 26 03:42:42 PDT 2014	Wed Jun 25 10:58:55 PDT 2014	Wed Jun 25 11:02:42 PDT 2014	Wed Jun 25 11:04:53 PDT 2014				
7	9	familiarization	0.1	fangs	0.5	0	fish	[]	hisp	hisps	English	2	36	Female	No	2	1280	800	600	2277	Windows	Firefox	3BAKUKE49HCVU2ZVM73JJZ11XMVR1O	39I6UD9LVI4PCHHJTY30PRG1RU36NF	Alien Biodiversity Study 2B	An 8-minute experiment where we ask you about some "alien" species.	language research stanford fun cognitive science university	$0.60	Wed Jun 25 10:53:48 PDT 2014	10	0	0	10	Reviewable	NotReviewed	1 cond	1800	60000	Fri Jul 25 10:53:48 PDT 2014	https://requester.mturk.com/mturk/manageHIT?HITId=3BAKUKE49HCVU2ZVM73JJZ11XMVR1O	3C2NJ6JBKAHKR9NT26RI4I1F3KT2N2	7	Approved	Thu Jun 26 03:42:42 PDT 2014	Wed Jun 25 10:58:55 PDT 2014	Wed Jun 25 11:02:42 PDT 2014	Wed Jun 25 11:04:53 PDT 2014				
7	10	generic	0.5	fangs	0.1	NA	fish	NA	mopt	0.05	English	2	36	Female	No	2	1280	800	600	2277	Windows	Firefox	3BAKUKE49HCVU2ZVM73JJZ11XMVR1O	39I6UD9LVI4PCHHJTY30PRG1RU36NF	Alien Biodiversity Study 2B	An 8-minute experiment where we ask you about some "alien" species.	language research stanford fun cognitive science university	$0.60	Wed Jun 25 10:53:48 PDT 2014	10	0	0	10	Reviewable	NotReviewed	1 cond	1800	60000	Fri Jul 25 10:53:48 PDT 2014	https://requester.mturk.com/mturk/manageHIT?HITId=3BAKUKE49HCVU2ZVM73JJZ11XMVR1O	3C2NJ6JBKAHKR9NT26RI4I1F3KT2N2	7	Approved	Thu Jun 26 03:42:42 PDT 2014	Wed Jun 25 10:58:55 PDT 2014	Wed Jun 25 11:02:42 PDT 2014	Wed Jun 25 11:04:53 PDT 2014				
7	11	generic	0.1	fangs	0.5	NA	fish	NA	hisp	0.5	English	2	36	Female	No	2	1280	800	600	2277	Windows	Firefox	3BAKUKE49HCVU2ZVM73JJZ11XMVR1O	39I6UD9LVI4PCHHJTY30PRG1RU36NF	Alien Biodiversity Study 2B	An 8-minute experiment where we ask you about some "alien" species.	language research stanford fun cognitive science university	$0.60	Wed Jun 25 10:53:48 PDT 2014	10	0	0	10	Reviewable	NotReviewed	1 cond	1800	60000	Fri Jul 25 10:53:48 PDT 2014	https://requester.mturk.com/mturk/manageHIT?HITId=3BAKUKE49HCVU2ZVM73JJZ11XMVR1O	3C2NJ6JBKAHKR9NT26RI4I1F3KT2N2	7	Approved	Thu Jun 26 03:42:42 PDT 2014	Wed Jun 25 10:58:55 PDT 2014	Wed Jun 25 11:02:42 PDT 2014	Wed Jun 25 11:04:53 PDT 2014				
8	0	familiarization	0.5	fangs	0.1	1	fish	[]	hoil	Hoils	English	2	31	Male	Yes	2	768	800	600	1366	Windows	Chrome	3BAKUKE49HCVU2ZVM73JJZ11XMVR1O	39I6UD9LVI4PCHHJTY30PRG1RU36NF	Alien Biodiversity Study 2B	An 8-minute experiment where we ask you about some "alien" species.	language research stanford fun cognitive science university	$0.60	Wed Jun 25 10:53:48 PDT 2014	10	0	0	10	Reviewable	NotReviewed	1 cond	1800	60000	Fri Jul 25 10:53:48 PDT 2014	https://requester.mturk.com/mturk/manageHIT?HITId=3BAKUKE49HCVU2ZVM73JJZ11XMVR1O	3ZQIG0FLQEGJBUU9IH2G26BHTUQVWU	8	Approved	Thu Jun 26 03:46:08 PDT 2014	Wed Jun 25 10:59:02 PDT 2014	Wed Jun 25 11:06:08 PDT 2014	Wed Jun 25 11:11:44 PDT 2014				
8	1	familiarization	0.1	fangs	0.5	0	fish	[]	tig	Tigs	English	2	31	Male	Yes	2	768	800	600	1366	Windows	Chrome	3BAKUKE49HCVU2ZVM73JJZ11XMVR1O	39I6UD9LVI4PCHHJTY30PRG1RU36NF	Alien Biodiversity Study 2B	An 8-minute experiment where we ask you about some "alien" species.	language research stanford fun cognitive science university	$0.60	Wed Jun 25 10:53:48 PDT 2014	10	0	0	10	Reviewable	NotReviewed	1 cond	1800	60000	Fri Jul 25 10:53:48 PDT 2014	https://requester.mturk.com/mturk/manageHIT?HITId=3BAKUKE49HCVU2ZVM73JJZ11XMVR1O	3ZQIG0FLQEGJBUU9IH2G26BHTUQVWU	8	Approved	Thu Jun 26 03:46:08 PDT 2014	Wed Jun 25 10:59:02 PDT 2014	Wed Jun 25 11:06:08 PDT 2014	Wed Jun 25 11:11:44 PDT 2014				
8	2	generic	0.1	fangs	0.5	NA	fish	NA	tig	0.76	English	2	31	Male	Yes	2	768	800	600	1366	Windows	Chrome	3BAKUKE49HCVU2ZVM73JJZ11XMVR1O	39I6UD9LVI4PCHHJTY30PRG1RU36NF	Alien Biodiversity Study 2B	An 8-minute experiment where we ask you about some "alien" species.	language research stanford fun cognitive science university	$0.60	Wed Jun 25 10:53:48 PDT 2014	10	0	0	10	Reviewable	NotReviewed	1 cond	1800	60000	Fri Jul 25 10:53:48 PDT 2014	https://requester.mturk.com/mturk/manageHIT?HITId=3BAKUKE49HCVU2ZVM73JJZ11XMVR1O	3ZQIG0FLQEGJBUU9IH2G26BHTUQVWU	8	Approved	Thu Jun 26 03:46:08 PDT 2014	Wed Jun 25 10:59:02 PDT 2014	Wed Jun 25 11:06:08 PDT 2014	Wed Jun 25 11:11:44 PDT 2014				
8	3	generic	0.5	fangs	0.1	NA	fish	NA	hoil	0.1	English	2	31	Male	Yes	2	768	800	600	1366	Windows	Chrome	3BAKUKE49HCVU2ZVM73JJZ11XMVR1O	39I6UD9LVI4PCHHJTY30PRG1RU36NF	Alien Biodiversity Study 2B	An 8-minute experiment where we ask you about some "alien" species.	language research stanford fun cognitive science university	$0.60	Wed Jun 25 10:53:48 PDT 2014	10	0	0	10	Reviewable	NotReviewed	1 cond	1800	60000	Fri Jul 25 10:53:48 PDT 2014	https://requester.mturk.com/mturk/manageHIT?HITId=3BAKUKE49HCVU2ZVM73JJZ11XMVR1O	3ZQIG0FLQEGJBUU9IH2G26BHTUQVWU	8	Approved	Thu Jun 26 03:46:08 PDT 2014	Wed Jun 25 10:59:02 PDT 2014	Wed Jun 25 11:06:08 PDT 2014	Wed Jun 25 11:11:44 PDT 2014				
8	4	familiarization	0.5	tail	0.5	0	bird	[]	fick	Ficks	English	2	31	Male	Yes	2	768	800	600	1366	Windows	Chrome	3BAKUKE49HCVU2ZVM73JJZ11XMVR1O	39I6UD9LVI4PCHHJTY30PRG1RU36NF	Alien Biodiversity Study 2B	An 8-minute experiment where we ask you about some "alien" species.	language research stanford fun cognitive science university	$0.60	Wed Jun 25 10:53:48 PDT 2014	10	0	0	10	Reviewable	NotReviewed	1 cond	1800	60000	Fri Jul 25 10:53:48 PDT 2014	https://requester.mturk.com/mturk/manageHIT?HITId=3BAKUKE49HCVU2ZVM73JJZ11XMVR1O	3ZQIG0FLQEGJBUU9IH2G26BHTUQVWU	8	Approved	Thu Jun 26 03:46:08 PDT 2014	Wed Jun 25 10:59:02 PDT 2014	Wed Jun 25 11:06:08 PDT 2014	Wed Jun 25 11:11:44 PDT 2014				
8	5	familiarization	0.5	tail	0.5	0	bird	[]	mopt	Mopts	English	2	31	Male	Yes	2	768	800	600	1366	Windows	Chrome	3BAKUKE49HCVU2ZVM73JJZ11XMVR1O	39I6UD9LVI4PCHHJTY30PRG1RU36NF	Alien Biodiversity Study 2B	An 8-minute experiment where we ask you about some "alien" species.	language research stanford fun cognitive science university	$0.60	Wed Jun 25 10:53:48 PDT 2014	10	0	0	10	Reviewable	NotReviewed	1 cond	1800	60000	Fri Jul 25 10:53:48 PDT 2014	https://requester.mturk.com/mturk/manageHIT?HITId=3BAKUKE49HCVU2ZVM73JJZ11XMVR1O	3ZQIG0FLQEGJBUU9IH2G26BHTUQVWU	8	Approved	Thu Jun 26 03:46:08 PDT 2014	Wed Jun 25 10:59:02 PDT 2014	Wed Jun 25 11:06:08 PDT 2014	Wed Jun 25 11:11:44 PDT 2014				
8	6	generic	0.5	tail	0.5	NA	bird	NA	fick	0.86	English	2	31	Male	Yes	2	768	800	600	1366	Windows	Chrome	3BAKUKE49HCVU2ZVM73JJZ11XMVR1O	39I6UD9LVI4PCHHJTY30PRG1RU36NF	Alien Biodiversity Study 2B	An 8-minute experiment where we ask you about some "alien" species.	language research stanford fun cognitive science university	$0.60	Wed Jun 25 10:53:48 PDT 2014	10	0	0	10	Reviewable	NotReviewed	1 cond	1800	60000	Fri Jul 25 10:53:48 PDT 2014	https://requester.mturk.com/mturk/manageHIT?HITId=3BAKUKE49HCVU2ZVM73JJZ11XMVR1O	3ZQIG0FLQEGJBUU9IH2G26BHTUQVWU	8	Approved	Thu Jun 26 03:46:08 PDT 2014	Wed Jun 25 10:59:02 PDT 2014	Wed Jun 25 11:06:08 PDT 2014	Wed Jun 25 11:11:44 PDT 2014				
8	7	generic	0.5	tail	0.5	NA	bird	NA	mopt	0.87	English	2	31	Male	Yes	2	768	800	600	1366	Windows	Chrome	3BAKUKE49HCVU2ZVM73JJZ11XMVR1O	39I6UD9LVI4PCHHJTY30PRG1RU36NF	Alien Biodiversity Study 2B	An 8-minute experiment where we ask you about some "alien" species.	language research stanford fun cognitive science university	$0.60	Wed Jun 25 10:53:48 PDT 2014	10	0	0	10	Reviewable	NotReviewed	1 cond	1800	60000	Fri Jul 25 10:53:48 PDT 2014	https://requester.mturk.com/mturk/manageHIT?HITId=3BAKUKE49HCVU2ZVM73JJZ11XMVR1O	3ZQIG0FLQEGJBUU9IH2G26BHTUQVWU	8	Approved	Thu Jun 26 03:46:08 PDT 2014	Wed Jun 25 10:59:02 PDT 2014	Wed Jun 25 11:06:08 PDT 2014	Wed Jun 25 11:11:44 PDT 2014				
8	8	familiarization	0.9	spots	0.5	0	flower	[]	gub	Gubs	English	2	31	Male	Yes	2	768	800	600	1366	Windows	Chrome	3BAKUKE49HCVU2ZVM73JJZ11XMVR1O	39I6UD9LVI4PCHHJTY30PRG1RU36NF	Alien Biodiversity Study 2B	An 8-minute experiment where we ask you about some "alien" species.	language research stanford fun cognitive science university	$0.60	Wed Jun 25 10:53:48 PDT 2014	10	0	0	10	Reviewable	NotReviewed	1 cond	1800	60000	Fri Jul 25 10:53:48 PDT 2014	https://requester.mturk.com/mturk/manageHIT?HITId=3BAKUKE49HCVU2ZVM73JJZ11XMVR1O	3ZQIG0FLQEGJBUU9IH2G26BHTUQVWU	8	Approved	Thu Jun 26 03:46:08 PDT 2014	Wed Jun 25 10:59:02 PDT 2014	Wed Jun 25 11:06:08 PDT 2014	Wed Jun 25 11:11:44 PDT 2014				
8	9	familiarization	0.5	spots	0.9	0	flower	[]	hife	Hifes	English	2	31	Male	Yes	2	768	800	600	1366	Windows	Chrome	3BAKUKE49HCVU2ZVM73JJZ11XMVR1O	39I6UD9LVI4PCHHJTY30PRG1RU36NF	Alien Biodiversity Study 2B	An 8-minute experiment where we ask you about some "alien" species.	language research stanford fun cognitive science university	$0.60	Wed Jun 25 10:53:48 PDT 2014	10	0	0	10	Reviewable	NotReviewed	1 cond	1800	60000	Fri Jul 25 10:53:48 PDT 2014	https://requester.mturk.com/mturk/manageHIT?HITId=3BAKUKE49HCVU2ZVM73JJZ11XMVR1O	3ZQIG0FLQEGJBUU9IH2G26BHTUQVWU	8	Approved	Thu Jun 26 03:46:08 PDT 2014	Wed Jun 25 10:59:02 PDT 2014	Wed Jun 25 11:06:08 PDT 2014	Wed Jun 25 11:11:44 PDT 2014				
8	10	generic	0.5	spots	0.9	NA	flower	NA	hife	0.89	English	2	31	Male	Yes	2	768	800	600	1366	Windows	Chrome	3BAKUKE49HCVU2ZVM73JJZ11XMVR1O	39I6UD9LVI4PCHHJTY30PRG1RU36NF	Alien Biodiversity Study 2B	An 8-minute experiment where we ask you about some "alien" species.	language research stanford fun cognitive science university	$0.60	Wed Jun 25 10:53:48 PDT 2014	10	0	0	10	Reviewable	NotReviewed	1 cond	1800	60000	Fri Jul 25 10:53:48 PDT 2014	https://requester.mturk.com/mturk/manageHIT?HITId=3BAKUKE49HCVU2ZVM73JJZ11XMVR1O	3ZQIG0FLQEGJBUU9IH2G26BHTUQVWU	8	Approved	Thu Jun 26 03:46:08 PDT 2014	Wed Jun 25 10:59:02 PDT 2014	Wed Jun 25 11:06:08 PDT 2014	Wed Jun 25 11:11:44 PDT 2014				
8	11	generic	0.9	spots	0.5	NA	flower	NA	gub	0.7	English	2	31	Male	Yes	2	768	800	600	1366	Windows	Chrome	3BAKUKE49HCVU2ZVM73JJZ11XMVR1O	39I6UD9LVI4PCHHJTY30PRG1RU36NF	Alien Biodiversity Study 2B	An 8-minute experiment where we ask you about some "alien" species.	language research stanford fun cognitive science university	$0.60	Wed Jun 25 10:53:48 PDT 2014	10	0	0	10	Reviewable	NotReviewed	1 cond	1800	60000	Fri Jul 25 10:53:48 PDT 2014	https://requester.mturk.com/mturk/manageHIT?HITId=3BAKUKE49HCVU2ZVM73JJZ11XMVR1O	3ZQIG0FLQEGJBUU9IH2G26BHTUQVWU	8	Approved	Thu Jun 26 03:46:08 PDT 2014	Wed Jun 25 10:59:02 PDT 2014	Wed Jun 25 11:06:08 PDT 2014	Wed Jun 25 11:11:44 PDT 2014				
9	0	familiarization	0.5	spots	0.9	0	flower	[]	mork	morks	English	2	30	Female	Yes	3	768	800	600	1366	Windows	Chrome	3BAKUKE49HCVU2ZVM73JJZ11XMVR1O	39I6UD9LVI4PCHHJTY30PRG1RU36NF	Alien Biodiversity Study 2B	An 8-minute experiment where we ask you about some "alien" species.	language research stanford fun cognitive science university	$0.60	Wed Jun 25 10:53:48 PDT 2014	10	0	0	10	Reviewable	NotReviewed	1 cond	1800	60000	Fri Jul 25 10:53:48 PDT 2014	https://requester.mturk.com/mturk/manageHIT?HITId=3BAKUKE49HCVU2ZVM73JJZ11XMVR1O	3EICBYG644W161OAK1OWNOTK6R1CJH	9	Approved	Thu Jun 26 03:54:21 PDT 2014	Wed Jun 25 10:54:33 PDT 2014	Wed Jun 25 11:14:21 PDT 2014	Wed Jun 25 11:40:40 PDT 2014				
9	1	familiarization	0.9	spots	0.5	0	flower	[]	mopt	mopts	English	2	30	Female	Yes	3	768	800	600	1366	Windows	Chrome	3BAKUKE49HCVU2ZVM73JJZ11XMVR1O	39I6UD9LVI4PCHHJTY30PRG1RU36NF	Alien Biodiversity Study 2B	An 8-minute experiment where we ask you about some "alien" species.	language research stanford fun cognitive science university	$0.60	Wed Jun 25 10:53:48 PDT 2014	10	0	0	10	Reviewable	NotReviewed	1 cond	1800	60000	Fri Jul 25 10:53:48 PDT 2014	https://requester.mturk.com/mturk/manageHIT?HITId=3BAKUKE49HCVU2ZVM73JJZ11XMVR1O	3EICBYG644W161OAK1OWNOTK6R1CJH	9	Approved	Thu Jun 26 03:54:21 PDT 2014	Wed Jun 25 10:54:33 PDT 2014	Wed Jun 25 11:14:21 PDT 2014	Wed Jun 25 11:40:40 PDT 2014				
9	2	generic	0.5	spots	0.9	NA	flower	NA	mork	0.94	English	2	30	Female	Yes	3	768	800	600	1366	Windows	Chrome	3BAKUKE49HCVU2ZVM73JJZ11XMVR1O	39I6UD9LVI4PCHHJTY30PRG1RU36NF	Alien Biodiversity Study 2B	An 8-minute experiment where we ask you about some "alien" species.	language research stanford fun cognitive science university	$0.60	Wed Jun 25 10:53:48 PDT 2014	10	0	0	10	Reviewable	NotReviewed	1 cond	1800	60000	Fri Jul 25 10:53:48 PDT 2014	https://requester.mturk.com/mturk/manageHIT?HITId=3BAKUKE49HCVU2ZVM73JJZ11XMVR1O	3EICBYG644W161OAK1OWNOTK6R1CJH	9	Approved	Thu Jun 26 03:54:21 PDT 2014	Wed Jun 25 10:54:33 PDT 2014	Wed Jun 25 11:14:21 PDT 2014	Wed Jun 25 11:40:40 PDT 2014				
9	3	generic	0.9	spots	0.5	NA	flower	NA	mopt	0.51	English	2	30	Female	Yes	3	768	800	600	1366	Windows	Chrome	3BAKUKE49HCVU2ZVM73JJZ11XMVR1O	39I6UD9LVI4PCHHJTY30PRG1RU36NF	Alien Biodiversity Study 2B	An 8-minute experiment where we ask you about some "alien" species.	language research stanford fun cognitive science university	$0.60	Wed Jun 25 10:53:48 PDT 2014	10	0	0	10	Reviewable	NotReviewed	1 cond	1800	60000	Fri Jul 25 10:53:48 PDT 2014	https://requester.mturk.com/mturk/manageHIT?HITId=3BAKUKE49HCVU2ZVM73JJZ11XMVR1O	3EICBYG644W161OAK1OWNOTK6R1CJH	9	Approved	Thu Jun 26 03:54:21 PDT 2014	Wed Jun 25 10:54:33 PDT 2014	Wed Jun 25 11:14:21 PDT 2014	Wed Jun 25 11:40:40 PDT 2014				
9	4	familiarization	0.1	crest	0.5	0	bird	[]	poch	poches	English	2	30	Female	Yes	3	768	800	600	1366	Windows	Chrome	3BAKUKE49HCVU2ZVM73JJZ11XMVR1O	39I6UD9LVI4PCHHJTY30PRG1RU36NF	Alien Biodiversity Study 2B	An 8-minute experiment where we ask you about some "alien" species.	language research stanford fun cognitive science university	$0.60	Wed Jun 25 10:53:48 PDT 2014	10	0	0	10	Reviewable	NotReviewed	1 cond	1800	60000	Fri Jul 25 10:53:48 PDT 2014	https://requester.mturk.com/mturk/manageHIT?HITId=3BAKUKE49HCVU2ZVM73JJZ11XMVR1O	3EICBYG644W161OAK1OWNOTK6R1CJH	9	Approved	Thu Jun 26 03:54:21 PDT 2014	Wed Jun 25 10:54:33 PDT 2014	Wed Jun 25 11:14:21 PDT 2014	Wed Jun 25 11:40:40 PDT 2014				
9	5	familiarization	0.5	crest	0.1	1	bird	[]	moge	moges	English	2	30	Female	Yes	3	768	800	600	1366	Windows	Chrome	3BAKUKE49HCVU2ZVM73JJZ11XMVR1O	39I6UD9LVI4PCHHJTY30PRG1RU36NF	Alien Biodiversity Study 2B	An 8-minute experiment where we ask you about some "alien" species.	language research stanford fun cognitive science university	$0.60	Wed Jun 25 10:53:48 PDT 2014	10	0	0	10	Reviewable	NotReviewed	1 cond	1800	60000	Fri Jul 25 10:53:48 PDT 2014	https://requester.mturk.com/mturk/manageHIT?HITId=3BAKUKE49HCVU2ZVM73JJZ11XMVR1O	3EICBYG644W161OAK1OWNOTK6R1CJH	9	Approved	Thu Jun 26 03:54:21 PDT 2014	Wed Jun 25 10:54:33 PDT 2014	Wed Jun 25 11:14:21 PDT 2014	Wed Jun 25 11:40:40 PDT 2014				
9	6	generic	0.1	crest	0.5	NA	bird	NA	poch	0.52	English	2	30	Female	Yes	3	768	800	600	1366	Windows	Chrome	3BAKUKE49HCVU2ZVM73JJZ11XMVR1O	39I6UD9LVI4PCHHJTY30PRG1RU36NF	Alien Biodiversity Study 2B	An 8-minute experiment where we ask you about some "alien" species.	language research stanford fun cognitive science university	$0.60	Wed Jun 25 10:53:48 PDT 2014	10	0	0	10	Reviewable	NotReviewed	1 cond	1800	60000	Fri Jul 25 10:53:48 PDT 2014	https://requester.mturk.com/mturk/manageHIT?HITId=3BAKUKE49HCVU2ZVM73JJZ11XMVR1O	3EICBYG644W161OAK1OWNOTK6R1CJH	9	Approved	Thu Jun 26 03:54:21 PDT 2014	Wed Jun 25 10:54:33 PDT 2014	Wed Jun 25 11:14:21 PDT 2014	Wed Jun 25 11:40:40 PDT 2014				
9	7	generic	0.5	crest	0.1	NA	bird	NA	moge	0.17	English	2	30	Female	Yes	3	768	800	600	1366	Windows	Chrome	3BAKUKE49HCVU2ZVM73JJZ11XMVR1O	39I6UD9LVI4PCHHJTY30PRG1RU36NF	Alien Biodiversity Study 2B	An 8-minute experiment where we ask you about some "alien" species.	language research stanford fun cognitive science university	$0.60	Wed Jun 25 10:53:48 PDT 2014	10	0	0	10	Reviewable	NotReviewed	1 cond	1800	60000	Fri Jul 25 10:53:48 PDT 2014	https://requester.mturk.com/mturk/manageHIT?HITId=3BAKUKE49HCVU2ZVM73JJZ11XMVR1O	3EICBYG644W161OAK1OWNOTK6R1CJH	9	Approved	Thu Jun 26 03:54:21 PDT 2014	Wed Jun 25 10:54:33 PDT 2014	Wed Jun 25 11:14:21 PDT 2014	Wed Jun 25 11:40:40 PDT 2014				
9	8	familiarization	0.5	fangs	0.5	1	fish	[]	hoil	hoils	English	2	30	Female	Yes	3	768	800	600	1366	Windows	Chrome	3BAKUKE49HCVU2ZVM73JJZ11XMVR1O	39I6UD9LVI4PCHHJTY30PRG1RU36NF	Alien Biodiversity Study 2B	An 8-minute experiment where we ask you about some "alien" species.	language research stanford fun cognitive science university	$0.60	Wed Jun 25 10:53:48 PDT 2014	10	0	0	10	Reviewable	NotReviewed	1 cond	1800	60000	Fri Jul 25 10:53:48 PDT 2014	https://requester.mturk.com/mturk/manageHIT?HITId=3BAKUKE49HCVU2ZVM73JJZ11XMVR1O	3EICBYG644W161OAK1OWNOTK6R1CJH	9	Approved	Thu Jun 26 03:54:21 PDT 2014	Wed Jun 25 10:54:33 PDT 2014	Wed Jun 25 11:14:21 PDT 2014	Wed Jun 25 11:40:40 PDT 2014				
9	9	familiarization	0.5	fangs	0.5	0	fish	[]	mone	mones	English	2	30	Female	Yes	3	768	800	600	1366	Windows	Chrome	3BAKUKE49HCVU2ZVM73JJZ11XMVR1O	39I6UD9LVI4PCHHJTY30PRG1RU36NF	Alien Biodiversity Study 2B	An 8-minute experiment where we ask you about some "alien" species.	language research stanford fun cognitive science university	$0.60	Wed Jun 25 10:53:48 PDT 2014	10	0	0	10	Reviewable	NotReviewed	1 cond	1800	60000	Fri Jul 25 10:53:48 PDT 2014	https://requester.mturk.com/mturk/manageHIT?HITId=3BAKUKE49HCVU2ZVM73JJZ11XMVR1O	3EICBYG644W161OAK1OWNOTK6R1CJH	9	Approved	Thu Jun 26 03:54:21 PDT 2014	Wed Jun 25 10:54:33 PDT 2014	Wed Jun 25 11:14:21 PDT 2014	Wed Jun 25 11:40:40 PDT 2014				
9	10	generic	0.5	fangs	0.5	NA	fish	NA	mone	0.51	English	2	30	Female	Yes	3	768	800	600	1366	Windows	Chrome	3BAKUKE49HCVU2ZVM73JJZ11XMVR1O	39I6UD9LVI4PCHHJTY30PRG1RU36NF	Alien Biodiversity Study 2B	An 8-minute experiment where we ask you about some "alien" species.	language research stanford fun cognitive science university	$0.60	Wed Jun 25 10:53:48 PDT 2014	10	0	0	10	Reviewable	NotReviewed	1 cond	1800	60000	Fri Jul 25 10:53:48 PDT 2014	https://requester.mturk.com/mturk/manageHIT?HITId=3BAKUKE49HCVU2ZVM73JJZ11XMVR1O	3EICBYG644W161OAK1OWNOTK6R1CJH	9	Approved	Thu Jun 26 03:54:21 PDT 2014	Wed Jun 25 10:54:33 PDT 2014	Wed Jun 25 11:14:21 PDT 2014	Wed Jun 25 11:40:40 PDT 2014				
9	11	generic	0.5	fangs	0.5	NA	fish	NA	hoil	0.5	English	2	30	Female	Yes	3	768	800	600	1366	Windows	Chrome	3BAKUKE49HCVU2ZVM73JJZ11XMVR1O	39I6UD9LVI4PCHHJTY30PRG1RU36NF	Alien Biodiversity Study 2B	An 8-minute experiment where we ask you about some "alien" species.	language research stanford fun cognitive science university	$0.60	Wed Jun 25 10:53:48 PDT 2014	10	0	0	10	Reviewable	NotReviewed	1 cond	1800	60000	Fri Jul 25 10:53:48 PDT 2014	https://requester.mturk.com/mturk/manageHIT?HITId=3BAKUKE49HCVU2ZVM73JJZ11XMVR1O	3EICBYG644W161OAK1OWNOTK6R1CJH	9	Approved	Thu Jun 26 03:54:21 PDT 2014	Wed Jun 25 10:54:33 PDT 2014	Wed Jun 25 11:14:21 PDT 2014	Wed Jun 25 11:40:40 PDT 2014				