workerid	trial_number	trial_type	distractor_proportion	feature	target_proportion	sentence_type	incorrect_clicks	species	incorrect_labels	genus	response
0	0	familiarization	0.5	fangs	0.5	NA	0	fish	[]	zib	zibs
0	1	familiarization	0.5	fangs	0.5	NA	0	fish	[]	moge	moges
0	2	sentences	0.5	fangs	0.5	sometimes	NA	fish	NA	zib	0.59
0	2	sentences	0.5	fangs	0.5	always	NA	fish	NA	zib	0.02
0	2	sentences	0.5	fangs	0.5	negation	NA	fish	NA	zib	0.02
0	2	sentences	0.5	fangs	0.5	usually	NA	fish	NA	zib	0.49
0	2	sentences	0.5	fangs	0.5	generic	NA	fish	NA	zib	0.73
0	3	sentences	0.5	fangs	0.5	usually	NA	fish	NA	moge	0.5
0	3	sentences	0.5	fangs	0.5	generic	NA	fish	NA	moge	0.64
0	3	sentences	0.5	fangs	0.5	always	NA	fish	NA	moge	0.02
0	3	sentences	0.5	fangs	0.5	negation	NA	fish	NA	moge	0.01
0	3	sentences	0.5	fangs	0.5	sometimes	NA	fish	NA	moge	0.96
0	4	familiarization	0.1	thorns	0.5	NA	0	flower	[]	mork	morks
0	5	familiarization	0.5	thorns	0.1	NA	0	flower	[]	fing	fings
0	6	sentences	0.1	thorns	0.5	sometimes	NA	flower	NA	mork	1
0	6	sentences	0.1	thorns	0.5	generic	NA	flower	NA	mork	0.48
0	6	sentences	0.1	thorns	0.5	always	NA	flower	NA	mork	0.03
0	6	sentences	0.1	thorns	0.5	usually	NA	flower	NA	mork	0.49
0	6	sentences	0.1	thorns	0.5	negation	NA	flower	NA	mork	0.03
0	7	sentences	0.5	thorns	0.1	usually	NA	flower	NA	fing	0.02
0	7	sentences	0.5	thorns	0.1	generic	NA	flower	NA	fing	0.25
0	7	sentences	0.5	thorns	0.1	always	NA	flower	NA	fing	0.03
0	7	sentences	0.5	thorns	0.1	sometimes	NA	flower	NA	fing	0.23
0	7	sentences	0.5	thorns	0.1	negation	NA	flower	NA	fing	0.08
0	8	familiarization	0.9	crest	0.5	NA	0	bird	[]	monx	monxes
0	9	familiarization	0.5	crest	0.9	NA	0	bird	[]	hinx	hinxes
0	10	sentences	0.5	crest	0.9	sometimes	NA	bird	NA	hinx	0.51
0	10	sentences	0.5	crest	0.9	negation	NA	bird	NA	hinx	0.02
0	10	sentences	0.5	crest	0.9	generic	NA	bird	NA	hinx	0.43
0	10	sentences	0.5	crest	0.9	always	NA	bird	NA	hinx	0.04
0	10	sentences	0.5	crest	0.9	usually	NA	bird	NA	hinx	0.32
0	11	sentences	0.9	crest	0.5	generic	NA	bird	NA	monx	0.97
0	11	sentences	0.9	crest	0.5	negation	NA	bird	NA	monx	0.02
0	11	sentences	0.9	crest	0.5	usually	NA	bird	NA	monx	1
0	11	sentences	0.9	crest	0.5	always	NA	bird	NA	monx	0.34
0	11	sentences	0.9	crest	0.5	sometimes	NA	bird	NA	monx	0.57
1	0	familiarization	0.9	fangs	0.5	NA	0	fish	[]	dax	daxes
1	1	familiarization	0.5	fangs	0.9	NA	0	fish	[]	fep	feps
1	2	sentences	0.5	fangs	0.9	sometimes	NA	fish	NA	fep	0.93
1	2	sentences	0.5	fangs	0.9	always	NA	fish	NA	fep	0.76
1	2	sentences	0.5	fangs	0.9	negation	NA	fish	NA	fep	0.04
1	2	sentences	0.5	fangs	0.9	usually	NA	fish	NA	fep	0.96
1	2	sentences	0.5	fangs	0.9	generic	NA	fish	NA	fep	0.53
1	3	sentences	0.9	fangs	0.5	generic	NA	fish	NA	dax	0.49
1	3	sentences	0.9	fangs	0.5	negation	NA	fish	NA	dax	0.69
1	3	sentences	0.9	fangs	0.5	sometimes	NA	fish	NA	dax	1
1	3	sentences	0.9	fangs	0.5	always	NA	fish	NA	dax	0.08
1	3	sentences	0.9	fangs	0.5	usually	NA	fish	NA	dax	0.09
1	4	familiarization	0.1	tail	0.5	NA	0	bird	[]	hett	hetts
1	5	familiarization	0.5	tail	0.1	NA	0	bird	[]	thog	thogs
1	6	sentences	0.1	tail	0.5	usually	NA	bird	NA	hett	0.94
1	6	sentences	0.1	tail	0.5	generic	NA	bird	NA	hett	0.78
1	6	sentences	0.1	tail	0.5	always	NA	bird	NA	hett	0.03
1	6	sentences	0.1	tail	0.5	negation	NA	bird	NA	hett	0
1	6	sentences	0.1	tail	0.5	sometimes	NA	bird	NA	hett	0.83
1	7	sentences	0.5	tail	0.1	sometimes	NA	bird	NA	thog	1
1	7	sentences	0.5	tail	0.1	always	NA	bird	NA	thog	0.02
1	7	sentences	0.5	tail	0.1	usually	NA	bird	NA	thog	0.01
1	7	sentences	0.5	tail	0.1	negation	NA	bird	NA	thog	0.02
1	7	sentences	0.5	tail	0.1	generic	NA	bird	NA	thog	0.02
1	8	familiarization	0.5	thorns	0.5	NA	1	flower	[]	blick	blicks
1	9	familiarization	0.5	thorns	0.5	NA	0	flower	[]	poch	poches
1	10	sentences	0.5	thorns	0.5	sometimes	NA	flower	NA	blick	0.82
1	10	sentences	0.5	thorns	0.5	always	NA	flower	NA	blick	0.04
1	10	sentences	0.5	thorns	0.5	generic	NA	flower	NA	blick	0.06
1	10	sentences	0.5	thorns	0.5	negation	NA	flower	NA	blick	0.06
1	10	sentences	0.5	thorns	0.5	usually	NA	flower	NA	blick	0.78
1	11	sentences	0.5	thorns	0.5	sometimes	NA	flower	NA	poch	0.83
1	11	sentences	0.5	thorns	0.5	generic	NA	flower	NA	poch	0.05
1	11	sentences	0.5	thorns	0.5	usually	NA	flower	NA	poch	0.84
1	11	sentences	0.5	thorns	0.5	negation	NA	flower	NA	poch	0.1
1	11	sentences	0.5	thorns	0.5	always	NA	flower	NA	poch	0.11
2	0	familiarization	0.5	whiskers	0.5	NA	2	fish	[]	ript	ripts
2	1	familiarization	0.5	whiskers	0.5	NA	0	fish	[]	mork	morks
2	2	sentences	0.5	whiskers	0.5	generic	NA	fish	NA	ript	0.72
2	2	sentences	0.5	whiskers	0.5	negation	NA	fish	NA	ript	0.6
2	2	sentences	0.5	whiskers	0.5	always	NA	fish	NA	ript	0
2	2	sentences	0.5	whiskers	0.5	usually	NA	fish	NA	ript	0.7
2	2	sentences	0.5	whiskers	0.5	sometimes	NA	fish	NA	ript	0.91
2	3	sentences	0.5	whiskers	0.5	generic	NA	fish	NA	mork	0.61
2	3	sentences	0.5	whiskers	0.5	negation	NA	fish	NA	mork	0.56
2	3	sentences	0.5	whiskers	0.5	usually	NA	fish	NA	mork	0.48
2	3	sentences	0.5	whiskers	0.5	always	NA	fish	NA	mork	0.01
2	3	sentences	0.5	whiskers	0.5	sometimes	NA	fish	NA	mork	0.97
2	4	familiarization	0.1	tail	0.5	NA	0	bird	[]	murp	murps
2	5	familiarization	0.5	tail	0.1	NA	0	bird	[u'']	gub	gubs
2	6	sentences	0.1	tail	0.5	sometimes	NA	bird	NA	murp	1
2	6	sentences	0.1	tail	0.5	usually	NA	bird	NA	murp	0.45
2	6	sentences	0.1	tail	0.5	generic	NA	bird	NA	murp	0.67
2	6	sentences	0.1	tail	0.5	always	NA	bird	NA	murp	0
2	6	sentences	0.1	tail	0.5	negation	NA	bird	NA	murp	0
2	7	sentences	0.5	tail	0.1	always	NA	bird	NA	gub	0
2	7	sentences	0.5	tail	0.1	generic	NA	bird	NA	gub	0.19
2	7	sentences	0.5	tail	0.1	usually	NA	bird	NA	gub	0.11
2	7	sentences	0.5	tail	0.1	negation	NA	bird	NA	gub	0.29
2	7	sentences	0.5	tail	0.1	sometimes	NA	bird	NA	gub	0.67
2	8	familiarization	0.9	thorns	0.5	NA	0	flower	[]	poch	poches
2	9	familiarization	0.5	thorns	0.9	NA	0	flower	[]	mopt	mopts
2	10	sentences	0.5	thorns	0.9	negation	NA	flower	NA	mopt	0.15
2	10	sentences	0.5	thorns	0.9	generic	NA	flower	NA	mopt	0.9
2	10	sentences	0.5	thorns	0.9	sometimes	NA	flower	NA	mopt	0.96
2	10	sentences	0.5	thorns	0.9	always	NA	flower	NA	mopt	0.81
2	10	sentences	0.5	thorns	0.9	usually	NA	flower	NA	mopt	0.79
2	11	sentences	0.9	thorns	0.5	sometimes	NA	flower	NA	poch	0.62
2	11	sentences	0.9	thorns	0.5	usually	NA	flower	NA	poch	0.2
2	11	sentences	0.9	thorns	0.5	negation	NA	flower	NA	poch	0.1
2	11	sentences	0.9	thorns	0.5	always	NA	flower	NA	poch	0.06
2	11	sentences	0.9	thorns	0.5	generic	NA	flower	NA	poch	0.74
3	0	familiarization	0.5	tail	0.9	NA	0	bird	[]	blick	blicks
3	1	familiarization	0.9	tail	0.5	NA	0	bird	[]	fick	ficks
3	2	sentences	0.9	tail	0.5	negation	NA	bird	NA	fick	0.06
3	2	sentences	0.9	tail	0.5	generic	NA	bird	NA	fick	0.07
3	2	sentences	0.9	tail	0.5	always	NA	bird	NA	fick	0.01
3	2	sentences	0.9	tail	0.5	sometimes	NA	bird	NA	fick	0.99
3	2	sentences	0.9	tail	0.5	usually	NA	bird	NA	fick	0.98
3	3	sentences	0.5	tail	0.9	sometimes	NA	bird	NA	blick	0.98
3	3	sentences	0.5	tail	0.9	usually	NA	bird	NA	blick	0.98
3	3	sentences	0.5	tail	0.9	generic	NA	bird	NA	blick	0.03
3	3	sentences	0.5	tail	0.9	always	NA	bird	NA	blick	0.03
3	3	sentences	0.5	tail	0.9	negation	NA	bird	NA	blick	0.02
3	4	familiarization	0.1	thorns	0.5	NA	0	flower	[]	monx	monxes
3	5	familiarization	0.5	thorns	0.1	NA	0	flower	[]	fep	feps
3	6	sentences	0.1	thorns	0.5	negation	NA	flower	NA	monx	0.01
3	6	sentences	0.1	thorns	0.5	generic	NA	flower	NA	monx	0.1
3	6	sentences	0.1	thorns	0.5	always	NA	flower	NA	monx	0
3	6	sentences	0.1	thorns	0.5	usually	NA	flower	NA	monx	0.27
3	6	sentences	0.1	thorns	0.5	sometimes	NA	flower	NA	monx	0.97
3	7	sentences	0.5	thorns	0.1	usually	NA	flower	NA	fep	0.02
3	7	sentences	0.5	thorns	0.1	negation	NA	flower	NA	fep	0.34
3	7	sentences	0.5	thorns	0.1	sometimes	NA	flower	NA	fep	0.99
3	7	sentences	0.5	thorns	0.1	generic	NA	flower	NA	fep	0.01
3	7	sentences	0.5	thorns	0.1	always	NA	flower	NA	fep	0.02
3	8	familiarization	0.5	whiskers	0.5	NA	0	fish	[]	moge	moges
3	9	familiarization	0.5	whiskers	0.5	NA	0	fish	[]	zib	zibs
3	10	sentences	0.5	whiskers	0.5	usually	NA	fish	NA	moge	0.24
3	10	sentences	0.5	whiskers	0.5	negation	NA	fish	NA	moge	0
3	10	sentences	0.5	whiskers	0.5	generic	NA	fish	NA	moge	0.11
3	10	sentences	0.5	whiskers	0.5	always	NA	fish	NA	moge	0
3	10	sentences	0.5	whiskers	0.5	sometimes	NA	fish	NA	moge	0.99
3	11	sentences	0.5	whiskers	0.5	sometimes	NA	fish	NA	zib	0.17
3	11	sentences	0.5	whiskers	0.5	negation	NA	fish	NA	zib	0.02
3	11	sentences	0.5	whiskers	0.5	usually	NA	fish	NA	zib	0.05
3	11	sentences	0.5	whiskers	0.5	generic	NA	fish	NA	zib	0.04
3	11	sentences	0.5	whiskers	0.5	always	NA	fish	NA	zib	0.02
4	0	familiarization	0.5	crest	0.5	NA	0	bird	[]	hinx	hinxes
4	1	familiarization	0.5	crest	0.5	NA	0	bird	[]	snim	snims
4	2	sentences	0.5	crest	0.5	usually	NA	bird	NA	hinx	0.53
4	2	sentences	0.5	crest	0.5	sometimes	NA	bird	NA	hinx	0.6
4	2	sentences	0.5	crest	0.5	always	NA	bird	NA	hinx	0
4	2	sentences	0.5	crest	0.5	generic	NA	bird	NA	hinx	0.9
4	2	sentences	0.5	crest	0.5	negation	NA	bird	NA	hinx	0.08
4	3	sentences	0.5	crest	0.5	negation	NA	bird	NA	snim	0.06
4	3	sentences	0.5	crest	0.5	generic	NA	bird	NA	snim	0.96
4	3	sentences	0.5	crest	0.5	sometimes	NA	bird	NA	snim	0.57
4	3	sentences	0.5	crest	0.5	usually	NA	bird	NA	snim	0.48
4	3	sentences	0.5	crest	0.5	always	NA	bird	NA	snim	0
4	4	familiarization	0.5	fangs	0.9	NA	0	fish	[]	hoil	hoils
4	5	familiarization	0.9	fangs	0.5	NA	0	fish	[u'poaches']	poch	poches
4	6	sentences	0.9	fangs	0.5	negation	NA	fish	NA	poch	0.16
4	6	sentences	0.9	fangs	0.5	generic	NA	fish	NA	poch	0.55
4	6	sentences	0.9	fangs	0.5	sometimes	NA	fish	NA	poch	0.91
4	6	sentences	0.9	fangs	0.5	always	NA	fish	NA	poch	0.24
4	6	sentences	0.9	fangs	0.5	usually	NA	fish	NA	poch	0.54
4	7	sentences	0.5	fangs	0.9	always	NA	fish	NA	hoil	0.78
4	7	sentences	0.5	fangs	0.9	generic	NA	fish	NA	hoil	1
4	7	sentences	0.5	fangs	0.9	usually	NA	fish	NA	hoil	0.86
4	7	sentences	0.5	fangs	0.9	sometimes	NA	fish	NA	hoil	0.88
4	7	sentences	0.5	fangs	0.9	negation	NA	fish	NA	hoil	0.05
4	8	familiarization	0.1	thorns	0.5	NA	0	flower	[]	tig	tigs
4	9	familiarization	0.5	thorns	0.1	NA	0	flower	[]	thog	thogs
4	10	sentences	0.5	thorns	0.1	usually	NA	flower	NA	thog	0.07
4	10	sentences	0.5	thorns	0.1	sometimes	NA	flower	NA	thog	0.54
4	10	sentences	0.5	thorns	0.1	negation	NA	flower	NA	thog	0.87
4	10	sentences	0.5	thorns	0.1	generic	NA	flower	NA	thog	0.11
4	10	sentences	0.5	thorns	0.1	always	NA	flower	NA	thog	0.09
4	11	sentences	0.1	thorns	0.5	sometimes	NA	flower	NA	tig	0.75
4	11	sentences	0.1	thorns	0.5	negation	NA	flower	NA	tig	0.52
4	11	sentences	0.1	thorns	0.5	generic	NA	flower	NA	tig	0.53
4	11	sentences	0.1	thorns	0.5	usually	NA	flower	NA	tig	0.52
4	11	sentences	0.1	thorns	0.5	always	NA	flower	NA	tig	0.1
5	0	familiarization	0.9	whiskers	0.5	NA	0	fish	[]	tig	tigs
5	1	familiarization	0.5	whiskers	0.9	NA	0	fish	[]	zop	zops
5	2	sentences	0.5	whiskers	0.9	always	NA	fish	NA	zop	0.74
5	2	sentences	0.5	whiskers	0.9	usually	NA	fish	NA	zop	0.99
5	2	sentences	0.5	whiskers	0.9	generic	NA	fish	NA	zop	0.5
5	2	sentences	0.5	whiskers	0.9	sometimes	NA	fish	NA	zop	0.51
5	2	sentences	0.5	whiskers	0.9	negation	NA	fish	NA	zop	0.02
5	3	sentences	0.9	whiskers	0.5	always	NA	fish	NA	tig	0.33
5	3	sentences	0.9	whiskers	0.5	sometimes	NA	fish	NA	tig	0.85
5	3	sentences	0.9	whiskers	0.5	generic	NA	fish	NA	tig	0.2
5	3	sentences	0.9	whiskers	0.5	negation	NA	fish	NA	tig	0.01
5	3	sentences	0.9	whiskers	0.5	usually	NA	fish	NA	tig	0.47
5	4	familiarization	0.5	crest	0.5	NA	0	bird	[]	fraw	fraws
5	5	familiarization	0.5	crest	0.5	NA	0	bird	[]	fick	ficks
5	6	sentences	0.5	crest	0.5	generic	NA	bird	NA	fraw	0.51
5	6	sentences	0.5	crest	0.5	usually	NA	bird	NA	fraw	0.65
5	6	sentences	0.5	crest	0.5	always	NA	bird	NA	fraw	0.3
5	6	sentences	0.5	crest	0.5	negation	NA	bird	NA	fraw	0.02
5	6	sentences	0.5	crest	0.5	sometimes	NA	bird	NA	fraw	0.52
5	7	sentences	0.5	crest	0.5	sometimes	NA	bird	NA	fick	0.52
5	7	sentences	0.5	crest	0.5	always	NA	bird	NA	fick	0.3
5	7	sentences	0.5	crest	0.5	negation	NA	bird	NA	fick	0.02
5	7	sentences	0.5	crest	0.5	generic	NA	bird	NA	fick	0.41
5	7	sentences	0.5	crest	0.5	usually	NA	bird	NA	fick	0.54
5	8	familiarization	0.1	spots	0.5	NA	0	flower	[]	fing	fings
5	9	familiarization	0.5	spots	0.1	NA	0	flower	[]	thog	thogs
5	10	sentences	0.5	spots	0.1	generic	NA	flower	NA	thog	0.11
5	10	sentences	0.5	spots	0.1	usually	NA	flower	NA	thog	0.11
5	10	sentences	0.5	spots	0.1	sometimes	NA	flower	NA	thog	0.8
5	10	sentences	0.5	spots	0.1	always	NA	flower	NA	thog	0.12
5	10	sentences	0.5	spots	0.1	negation	NA	flower	NA	thog	0.72
5	11	sentences	0.1	spots	0.5	generic	NA	flower	NA	fing	0.54
5	11	sentences	0.1	spots	0.5	sometimes	NA	flower	NA	fing	0.9
5	11	sentences	0.1	spots	0.5	negation	NA	flower	NA	fing	0.38
5	11	sentences	0.1	spots	0.5	usually	NA	flower	NA	fing	0.54
5	11	sentences	0.1	spots	0.5	always	NA	flower	NA	fing	0.19
6	0	familiarization	0.9	spots	0.5	NA	0	flower	[]	mulb	mulbs
6	1	familiarization	0.5	spots	0.9	NA	0	flower	[]	polt	polts
6	2	sentences	0.5	spots	0.9	always	NA	flower	NA	polt	0
6	2	sentences	0.5	spots	0.9	usually	NA	flower	NA	polt	0.89
6	2	sentences	0.5	spots	0.9	generic	NA	flower	NA	polt	0
6	2	sentences	0.5	spots	0.9	negation	NA	flower	NA	polt	0
6	2	sentences	0.5	spots	0.9	sometimes	NA	flower	NA	polt	0.88
6	3	sentences	0.9	spots	0.5	negation	NA	flower	NA	mulb	0.02
6	3	sentences	0.9	spots	0.5	generic	NA	flower	NA	mulb	0.01
6	3	sentences	0.9	spots	0.5	usually	NA	flower	NA	mulb	0.67
6	3	sentences	0.9	spots	0.5	sometimes	NA	flower	NA	mulb	0.85
6	3	sentences	0.9	spots	0.5	always	NA	flower	NA	mulb	0.01
6	4	familiarization	0.5	crest	0.5	NA	0	bird	[]	moge	moges
6	5	familiarization	0.5	crest	0.5	NA	0	bird	[]	blim	blims
6	6	sentences	0.5	crest	0.5	sometimes	NA	bird	NA	blim	0.82
6	6	sentences	0.5	crest	0.5	generic	NA	bird	NA	blim	0
6	6	sentences	0.5	crest	0.5	always	NA	bird	NA	blim	0
6	6	sentences	0.5	crest	0.5	negation	NA	bird	NA	blim	0
6	6	sentences	0.5	crest	0.5	usually	NA	bird	NA	blim	0.4
6	7	sentences	0.5	crest	0.5	generic	NA	bird	NA	moge	0
6	7	sentences	0.5	crest	0.5	always	NA	bird	NA	moge	0
6	7	sentences	0.5	crest	0.5	sometimes	NA	bird	NA	moge	0.84
6	7	sentences	0.5	crest	0.5	usually	NA	bird	NA	moge	0.38
6	7	sentences	0.5	crest	0.5	negation	NA	bird	NA	moge	0
6	8	familiarization	0.1	fangs	0.5	NA	0	fish	[]	ript	ripts
6	9	familiarization	0.5	fangs	0.1	NA	0	fish	[]	hife	hifes
6	10	sentences	0.5	fangs	0.1	sometimes	NA	fish	NA	hife	0.37
6	10	sentences	0.5	fangs	0.1	generic	NA	fish	NA	hife	0
6	10	sentences	0.5	fangs	0.1	always	NA	fish	NA	hife	0
6	10	sentences	0.5	fangs	0.1	usually	NA	fish	NA	hife	0
6	10	sentences	0.5	fangs	0.1	negation	NA	fish	NA	hife	0
6	11	sentences	0.1	fangs	0.5	usually	NA	fish	NA	ript	0
6	11	sentences	0.1	fangs	0.5	generic	NA	fish	NA	ript	0
6	11	sentences	0.1	fangs	0.5	negation	NA	fish	NA	ript	0
6	11	sentences	0.1	fangs	0.5	always	NA	fish	NA	ript	0
6	11	sentences	0.1	fangs	0.5	sometimes	NA	fish	NA	ript	0.56
7	0	familiarization	0.5	thorns	0.9	NA	0	flower	[]	poch	Poches
7	1	familiarization	0.9	thorns	0.5	NA	0	flower	[]	mork	Morks
7	2	sentences	0.5	thorns	0.9	negation	NA	flower	NA	poch	0
7	2	sentences	0.5	thorns	0.9	usually	NA	flower	NA	poch	1
7	2	sentences	0.5	thorns	0.9	sometimes	NA	flower	NA	poch	1
7	2	sentences	0.5	thorns	0.9	generic	NA	flower	NA	poch	0.67
7	2	sentences	0.5	thorns	0.9	always	NA	flower	NA	poch	0
7	3	sentences	0.9	thorns	0.5	negation	NA	flower	NA	mork	0
7	3	sentences	0.9	thorns	0.5	sometimes	NA	flower	NA	mork	1
7	3	sentences	0.9	thorns	0.5	generic	NA	flower	NA	mork	0.15
7	3	sentences	0.9	thorns	0.5	usually	NA	flower	NA	mork	0.66
7	3	sentences	0.9	thorns	0.5	always	NA	flower	NA	mork	0
7	4	familiarization	0.5	whiskers	0.5	NA	0	fish	[]	fick	ficks
7	5	familiarization	0.5	whiskers	0.5	NA	0	fish	[]	hoil	hoils
7	6	sentences	0.5	whiskers	0.5	generic	NA	fish	NA	hoil	0.51
7	6	sentences	0.5	whiskers	0.5	negation	NA	fish	NA	hoil	0.49
7	6	sentences	0.5	whiskers	0.5	sometimes	NA	fish	NA	hoil	1
7	6	sentences	0.5	whiskers	0.5	always	NA	fish	NA	hoil	0
7	6	sentences	0.5	whiskers	0.5	usually	NA	fish	NA	hoil	0.5
7	7	sentences	0.5	whiskers	0.5	always	NA	fish	NA	fick	0
7	7	sentences	0.5	whiskers	0.5	negation	NA	fish	NA	fick	0.51
7	7	sentences	0.5	whiskers	0.5	generic	NA	fish	NA	fick	0.5
7	7	sentences	0.5	whiskers	0.5	usually	NA	fish	NA	fick	0.51
7	7	sentences	0.5	whiskers	0.5	sometimes	NA	fish	NA	fick	1
7	8	familiarization	0.1	crest	0.5	NA	0	bird	[]	ript	ripts
7	9	familiarization	0.5	crest	0.1	NA	0	bird	[]	thog	thogs
7	10	sentences	0.1	crest	0.5	sometimes	NA	bird	NA	ript	1
7	10	sentences	0.1	crest	0.5	negation	NA	bird	NA	ript	0.25
7	10	sentences	0.1	crest	0.5	always	NA	bird	NA	ript	0
7	10	sentences	0.1	crest	0.5	usually	NA	bird	NA	ript	0.69
7	10	sentences	0.1	crest	0.5	generic	NA	bird	NA	ript	0.49
7	11	sentences	0.5	crest	0.1	negation	NA	bird	NA	thog	0.78
7	11	sentences	0.5	crest	0.1	generic	NA	bird	NA	thog	0.12
7	11	sentences	0.5	crest	0.1	always	NA	bird	NA	thog	0
7	11	sentences	0.5	crest	0.1	sometimes	NA	bird	NA	thog	1
7	11	sentences	0.5	crest	0.1	usually	NA	bird	NA	thog	0
8	0	familiarization	0.5	fangs	0.5	NA	0	fish	[]	polt	polts
8	1	familiarization	0.5	fangs	0.5	NA	0	fish	[]	dax	daxes
8	2	sentences	0.5	fangs	0.5	generic	NA	fish	NA	dax	0.6
8	2	sentences	0.5	fangs	0.5	always	NA	fish	NA	dax	0.01
8	2	sentences	0.5	fangs	0.5	usually	NA	fish	NA	dax	0.01
8	2	sentences	0.5	fangs	0.5	negation	NA	fish	NA	dax	0.01
8	2	sentences	0.5	fangs	0.5	sometimes	NA	fish	NA	dax	1
8	3	sentences	0.5	fangs	0.5	always	NA	fish	NA	polt	0.02
8	3	sentences	0.5	fangs	0.5	generic	NA	fish	NA	polt	0.51
8	3	sentences	0.5	fangs	0.5	usually	NA	fish	NA	polt	0.02
8	3	sentences	0.5	fangs	0.5	sometimes	NA	fish	NA	polt	0.99
8	3	sentences	0.5	fangs	0.5	negation	NA	fish	NA	polt	0.02
8	4	familiarization	0.5	tail	0.1	NA	0	bird	[]	wug	wugs
8	5	familiarization	0.1	tail	0.5	NA	0	bird	[]	speff	speffs
8	6	sentences	0.5	tail	0.1	always	NA	bird	NA	wug	0.02
8	6	sentences	0.5	tail	0.1	generic	NA	bird	NA	wug	0.02
8	6	sentences	0.5	tail	0.1	negation	NA	bird	NA	wug	0.15
8	6	sentences	0.5	tail	0.1	sometimes	NA	bird	NA	wug	0.65
8	6	sentences	0.5	tail	0.1	usually	NA	bird	NA	wug	0.02
8	7	sentences	0.1	tail	0.5	generic	NA	bird	NA	speff	0.45
8	7	sentences	0.1	tail	0.5	usually	NA	bird	NA	speff	0.33
8	7	sentences	0.1	tail	0.5	negation	NA	bird	NA	speff	0.02
8	7	sentences	0.1	tail	0.5	always	NA	bird	NA	speff	0.02
8	7	sentences	0.1	tail	0.5	sometimes	NA	bird	NA	speff	1
8	8	familiarization	0.5	spots	0.9	NA	0	flower	[]	zop	zops
8	9	familiarization	0.9	spots	0.5	NA	0	flower	[]	hinx	hinxes
8	10	sentences	0.9	spots	0.5	sometimes	NA	flower	NA	hinx	0.99
8	10	sentences	0.9	spots	0.5	usually	NA	flower	NA	hinx	0.49
8	10	sentences	0.9	spots	0.5	generic	NA	flower	NA	hinx	0.4
8	10	sentences	0.9	spots	0.5	negation	NA	flower	NA	hinx	0.02
8	10	sentences	0.9	spots	0.5	always	NA	flower	NA	hinx	0.02
8	11	sentences	0.5	spots	0.9	always	NA	flower	NA	zop	0.02
8	11	sentences	0.5	spots	0.9	generic	NA	flower	NA	zop	0.04
8	11	sentences	0.5	spots	0.9	usually	NA	flower	NA	zop	0.02
8	11	sentences	0.5	spots	0.9	sometimes	NA	flower	NA	zop	0.47
8	11	sentences	0.5	spots	0.9	negation	NA	flower	NA	zop	0.02
9	0	familiarization	0.5	crest	0.9	NA	0	bird	[]	blick	Blicks
9	1	familiarization	0.9	crest	0.5	NA	0	bird	[]	hoil	hoils
9	2	sentences	0.9	crest	0.5	always	NA	bird	NA	hoil	0.8
9	2	sentences	0.9	crest	0.5	generic	NA	bird	NA	hoil	0.57
9	2	sentences	0.9	crest	0.5	negation	NA	bird	NA	hoil	0.14
9	2	sentences	0.9	crest	0.5	sometimes	NA	bird	NA	hoil	0.48
9	2	sentences	0.9	crest	0.5	usually	NA	bird	NA	hoil	0.76
9	3	sentences	0.5	crest	0.9	negation	NA	bird	NA	blick	0.82
9	3	sentences	0.5	crest	0.9	usually	NA	bird	NA	blick	0.31
9	3	sentences	0.5	crest	0.9	generic	NA	bird	NA	blick	0.65
9	3	sentences	0.5	crest	0.9	sometimes	NA	bird	NA	blick	0.48
9	3	sentences	0.5	crest	0.9	always	NA	bird	NA	blick	0.74
9	4	familiarization	0.1	fangs	0.5	NA	0	fish	[]	moge	Moges
9	5	familiarization	0.5	fangs	0.1	NA	0	fish	[]	monx	Monxes
9	6	sentences	0.1	fangs	0.5	usually	NA	fish	NA	moge	0.8
9	6	sentences	0.1	fangs	0.5	generic	NA	fish	NA	moge	0.23
9	6	sentences	0.1	fangs	0.5	negation	NA	fish	NA	moge	0.02
9	6	sentences	0.1	fangs	0.5	always	NA	fish	NA	moge	0.18
9	6	sentences	0.1	fangs	0.5	sometimes	NA	fish	NA	moge	0.84
9	7	sentences	0.5	fangs	0.1	always	NA	fish	NA	monx	0.17
9	7	sentences	0.5	fangs	0.1	usually	NA	fish	NA	monx	0.11
9	7	sentences	0.5	fangs	0.1	sometimes	NA	fish	NA	monx	0.88
9	7	sentences	0.5	fangs	0.1	generic	NA	fish	NA	monx	0.41
9	7	sentences	0.5	fangs	0.1	negation	NA	fish	NA	monx	0.56
9	8	familiarization	0.5	spots	0.5	NA	0	flower	[]	poch	Poches
9	9	familiarization	0.5	spots	0.5	NA	0	flower	[]	quog	Quogs
9	10	sentences	0.5	spots	0.5	generic	NA	flower	NA	poch	0.53
9	10	sentences	0.5	spots	0.5	negation	NA	flower	NA	poch	0.07
9	10	sentences	0.5	spots	0.5	sometimes	NA	flower	NA	poch	0.83
9	10	sentences	0.5	spots	0.5	always	NA	flower	NA	poch	0.45
9	10	sentences	0.5	spots	0.5	usually	NA	flower	NA	poch	0.91
9	11	sentences	0.5	spots	0.5	sometimes	NA	flower	NA	quog	0.88
9	11	sentences	0.5	spots	0.5	negation	NA	flower	NA	quog	0
9	11	sentences	0.5	spots	0.5	always	NA	flower	NA	quog	0.06
9	11	sentences	0.5	spots	0.5	generic	NA	flower	NA	quog	0.63
9	11	sentences	0.5	spots	0.5	usually	NA	flower	NA	quog	0.71
10	0	familiarization	0.5	tail	0.5	NA	0	bird	[]	hoff	Hoffs
10	1	familiarization	0.5	tail	0.5	NA	0	bird	[]	fep	Feps
10	2	sentences	0.5	tail	0.5	generic	NA	bird	NA	fep	0.36
10	2	sentences	0.5	tail	0.5	negation	NA	bird	NA	fep	0.02
10	2	sentences	0.5	tail	0.5	always	NA	bird	NA	fep	0
10	2	sentences	0.5	tail	0.5	sometimes	NA	bird	NA	fep	1
10	2	sentences	0.5	tail	0.5	usually	NA	bird	NA	fep	0.48
10	3	sentences	0.5	tail	0.5	sometimes	NA	bird	NA	hoff	1
10	3	sentences	0.5	tail	0.5	negation	NA	bird	NA	hoff	0
10	3	sentences	0.5	tail	0.5	generic	NA	bird	NA	hoff	0.35
10	3	sentences	0.5	tail	0.5	usually	NA	bird	NA	hoff	0.47
10	3	sentences	0.5	tail	0.5	always	NA	bird	NA	hoff	0
10	4	familiarization	0.5	spots	0.1	NA	0	flower	[]	monx	monxes
10	5	familiarization	0.1	spots	0.5	NA	0	flower	[]	tig	tigs
10	6	sentences	0.1	spots	0.5	usually	NA	flower	NA	tig	0.53
10	6	sentences	0.1	spots	0.5	sometimes	NA	flower	NA	tig	1
10	6	sentences	0.1	spots	0.5	generic	NA	flower	NA	tig	0.17
10	6	sentences	0.1	spots	0.5	always	NA	flower	NA	tig	0
10	6	sentences	0.1	spots	0.5	negation	NA	flower	NA	tig	0
10	7	sentences	0.5	spots	0.1	negation	NA	flower	NA	monx	0
10	7	sentences	0.5	spots	0.1	sometimes	NA	flower	NA	monx	0.92
10	7	sentences	0.5	spots	0.1	usually	NA	flower	NA	monx	0
10	7	sentences	0.5	spots	0.1	generic	NA	flower	NA	monx	0.08
10	7	sentences	0.5	spots	0.1	always	NA	flower	NA	monx	0
10	8	familiarization	0.5	fangs	0.9	NA	1	fish	[]	hett	hetts
10	9	familiarization	0.9	fangs	0.5	NA	0	fish	[]	murp	murps
10	10	sentences	0.5	fangs	0.9	sometimes	NA	fish	NA	hett	0.29
10	10	sentences	0.5	fangs	0.9	always	NA	fish	NA	hett	0.01
10	10	sentences	0.5	fangs	0.9	negation	NA	fish	NA	hett	0
10	10	sentences	0.5	fangs	0.9	usually	NA	fish	NA	hett	1
10	10	sentences	0.5	fangs	0.9	generic	NA	fish	NA	hett	0.52
10	11	sentences	0.9	fangs	0.5	sometimes	NA	fish	NA	murp	0.64
10	11	sentences	0.9	fangs	0.5	always	NA	fish	NA	murp	0
10	11	sentences	0.9	fangs	0.5	usually	NA	fish	NA	murp	0
10	11	sentences	0.9	fangs	0.5	negation	NA	fish	NA	murp	0.01
10	11	sentences	0.9	fangs	0.5	generic	NA	fish	NA	murp	0.06
11	0	familiarization	0.5	whiskers	0.9	NA	0	fish	[]	monx	monxes
11	1	familiarization	0.9	whiskers	0.5	NA	0	fish	[]	murp	murps
11	2	sentences	0.9	whiskers	0.5	negation	NA	fish	NA	murp	0.33
11	2	sentences	0.9	whiskers	0.5	always	NA	fish	NA	murp	0.11
11	2	sentences	0.9	whiskers	0.5	sometimes	NA	fish	NA	murp	0.9
11	2	sentences	0.9	whiskers	0.5	generic	NA	fish	NA	murp	0.36
11	2	sentences	0.9	whiskers	0.5	usually	NA	fish	NA	murp	0.4
11	3	sentences	0.5	whiskers	0.9	always	NA	fish	NA	monx	0.69
11	3	sentences	0.5	whiskers	0.9	generic	NA	fish	NA	monx	0.81
11	3	sentences	0.5	whiskers	0.9	sometimes	NA	fish	NA	monx	0.94
11	3	sentences	0.5	whiskers	0.9	usually	NA	fish	NA	monx	0.97
11	3	sentences	0.5	whiskers	0.9	negation	NA	fish	NA	monx	0.03
11	4	familiarization	0.1	tail	0.5	NA	0	bird	[]	ript	ripts
11	5	familiarization	0.5	tail	0.1	NA	0	bird	[]	fick	ficks
11	6	sentences	0.1	tail	0.5	usually	NA	bird	NA	ript	0.83
11	6	sentences	0.1	tail	0.5	negation	NA	bird	NA	ript	0.22
11	6	sentences	0.1	tail	0.5	generic	NA	bird	NA	ript	0.78
11	6	sentences	0.1	tail	0.5	sometimes	NA	bird	NA	ript	0.93
11	6	sentences	0.1	tail	0.5	always	NA	bird	NA	ript	0.04
11	7	sentences	0.5	tail	0.1	sometimes	NA	bird	NA	fick	0.54
11	7	sentences	0.5	tail	0.1	usually	NA	bird	NA	fick	0.04
11	7	sentences	0.5	tail	0.1	generic	NA	bird	NA	fick	0.04
11	7	sentences	0.5	tail	0.1	always	NA	bird	NA	fick	0.01
11	7	sentences	0.5	tail	0.1	negation	NA	bird	NA	fick	0.91
11	8	familiarization	0.5	thorns	0.5	NA	0	flower	[]	mone	mones
11	9	familiarization	0.5	thorns	0.5	NA	0	flower	[]	quog	quogs
11	10	sentences	0.5	thorns	0.5	always	NA	flower	NA	mone	0.28
11	10	sentences	0.5	thorns	0.5	negation	NA	flower	NA	mone	0.17
11	10	sentences	0.5	thorns	0.5	usually	NA	flower	NA	mone	0.43
11	10	sentences	0.5	thorns	0.5	generic	NA	flower	NA	mone	0.45
11	10	sentences	0.5	thorns	0.5	sometimes	NA	flower	NA	mone	0.91
11	11	sentences	0.5	thorns	0.5	sometimes	NA	flower	NA	quog	0.91
11	11	sentences	0.5	thorns	0.5	usually	NA	flower	NA	quog	0.1
11	11	sentences	0.5	thorns	0.5	negation	NA	flower	NA	quog	0.05
11	11	sentences	0.5	thorns	0.5	generic	NA	flower	NA	quog	0.12
11	11	sentences	0.5	thorns	0.5	always	NA	flower	NA	quog	0.02
12	0	familiarization	0.5	spots	0.1	NA	0	flower	[]	poch	Poches
12	1	familiarization	0.1	spots	0.5	NA	0	flower	[]	speff	Speffs
12	2	sentences	0.5	spots	0.1	always	NA	flower	NA	poch	0.05
12	2	sentences	0.5	spots	0.1	generic	NA	flower	NA	poch	0.26
12	2	sentences	0.5	spots	0.1	sometimes	NA	flower	NA	poch	0.86
12	2	sentences	0.5	spots	0.1	usually	NA	flower	NA	poch	0.03
12	2	sentences	0.5	spots	0.1	negation	NA	flower	NA	poch	0.04
12	3	sentences	0.1	spots	0.5	generic	NA	flower	NA	speff	0.11
12	3	sentences	0.1	spots	0.5	negation	NA	flower	NA	speff	0.91
12	3	sentences	0.1	spots	0.5	always	NA	flower	NA	speff	0.54
12	3	sentences	0.1	spots	0.5	sometimes	NA	flower	NA	speff	0.86
12	3	sentences	0.1	spots	0.5	usually	NA	flower	NA	speff	0.59
12	4	familiarization	0.5	whiskers	0.5	NA	0	fish	[]	fraw	Fraws
12	5	familiarization	0.5	whiskers	0.5	NA	0	fish	[]	lide	Lides
12	6	sentences	0.5	whiskers	0.5	sometimes	NA	fish	NA	lide	0.84
12	6	sentences	0.5	whiskers	0.5	negation	NA	fish	NA	lide	0.02
12	6	sentences	0.5	whiskers	0.5	usually	NA	fish	NA	lide	0.55
12	6	sentences	0.5	whiskers	0.5	generic	NA	fish	NA	lide	0.72
12	6	sentences	0.5	whiskers	0.5	always	NA	fish	NA	lide	0.03
12	7	sentences	0.5	whiskers	0.5	usually	NA	fish	NA	fraw	0.83
12	7	sentences	0.5	whiskers	0.5	sometimes	NA	fish	NA	fraw	0.81
12	7	sentences	0.5	whiskers	0.5	generic	NA	fish	NA	fraw	0.46
12	7	sentences	0.5	whiskers	0.5	always	NA	fish	NA	fraw	0.01
12	7	sentences	0.5	whiskers	0.5	negation	NA	fish	NA	fraw	0.04
12	8	familiarization	0.9	crest	0.5	NA	0	bird	[]	ript	Ripts
12	9	familiarization	0.5	crest	0.9	NA	0	bird	[]	blick	Blicks
12	10	sentences	0.9	crest	0.5	negation	NA	bird	NA	ript	0.07
12	10	sentences	0.9	crest	0.5	sometimes	NA	bird	NA	ript	0.81
12	10	sentences	0.9	crest	0.5	always	NA	bird	NA	ript	0.06
12	10	sentences	0.9	crest	0.5	usually	NA	bird	NA	ript	0.12
12	10	sentences	0.9	crest	0.5	generic	NA	bird	NA	ript	0.5
12	11	sentences	0.5	crest	0.9	generic	NA	bird	NA	blick	0.91
12	11	sentences	0.5	crest	0.9	always	NA	bird	NA	blick	0.89
12	11	sentences	0.5	crest	0.9	usually	NA	bird	NA	blick	0.94
12	11	sentences	0.5	crest	0.9	negation	NA	bird	NA	blick	0.02
12	11	sentences	0.5	crest	0.9	sometimes	NA	bird	NA	blick	0.07
13	0	familiarization	0.5	spots	0.5	NA	0	flower	[]	hoil	hoils
13	1	familiarization	0.5	spots	0.5	NA	0	flower	[]	monx	monxes
13	2	sentences	0.5	spots	0.5	sometimes	NA	flower	NA	monx	0.85
13	2	sentences	0.5	spots	0.5	generic	NA	flower	NA	monx	0.16
13	2	sentences	0.5	spots	0.5	always	NA	flower	NA	monx	0
13	2	sentences	0.5	spots	0.5	usually	NA	flower	NA	monx	0.16
13	2	sentences	0.5	spots	0.5	negation	NA	flower	NA	monx	0.16
13	3	sentences	0.5	spots	0.5	always	NA	flower	NA	hoil	0
13	3	sentences	0.5	spots	0.5	sometimes	NA	flower	NA	hoil	0.87
13	3	sentences	0.5	spots	0.5	generic	NA	flower	NA	hoil	0.15
13	3	sentences	0.5	spots	0.5	negation	NA	flower	NA	hoil	0.15
13	3	sentences	0.5	spots	0.5	usually	NA	flower	NA	hoil	0.15
13	4	familiarization	0.9	crest	0.5	NA	0	bird	[]	hett	hetts
13	5	familiarization	0.5	crest	0.9	NA	0	bird	[]	mork	morks
13	6	sentences	0.5	crest	0.9	sometimes	NA	bird	NA	mork	0.3
13	6	sentences	0.5	crest	0.9	negation	NA	bird	NA	mork	0
13	6	sentences	0.5	crest	0.9	always	NA	bird	NA	mork	0.43
13	6	sentences	0.5	crest	0.9	usually	NA	bird	NA	mork	1
13	6	sentences	0.5	crest	0.9	generic	NA	bird	NA	mork	0.8
13	7	sentences	0.9	crest	0.5	negation	NA	bird	NA	hett	0
13	7	sentences	0.9	crest	0.5	usually	NA	bird	NA	hett	0.28
13	7	sentences	0.9	crest	0.5	sometimes	NA	bird	NA	hett	1
13	7	sentences	0.9	crest	0.5	always	NA	bird	NA	hett	0
13	7	sentences	0.9	crest	0.5	generic	NA	bird	NA	hett	0
13	8	familiarization	0.1	whiskers	0.5	NA	0	fish	[]	ript	ripts
13	9	familiarization	0.5	whiskers	0.1	NA	0	fish	[]	mopt	mopts
13	10	sentences	0.1	whiskers	0.5	sometimes	NA	fish	NA	ript	1
13	10	sentences	0.1	whiskers	0.5	always	NA	fish	NA	ript	0
13	10	sentences	0.1	whiskers	0.5	negation	NA	fish	NA	ript	0
13	10	sentences	0.1	whiskers	0.5	generic	NA	fish	NA	ript	0
13	10	sentences	0.1	whiskers	0.5	usually	NA	fish	NA	ript	0.39
13	11	sentences	0.5	whiskers	0.1	negation	NA	fish	NA	mopt	0.74
13	11	sentences	0.5	whiskers	0.1	usually	NA	fish	NA	mopt	0
13	11	sentences	0.5	whiskers	0.1	sometimes	NA	fish	NA	mopt	0.25
13	11	sentences	0.5	whiskers	0.1	generic	NA	fish	NA	mopt	0
13	11	sentences	0.5	whiskers	0.1	always	NA	fish	NA	mopt	0
14	0	familiarization	0.5	spots	0.5	NA	0	flower	[]	tig	Tigs
14	1	familiarization	0.5	spots	0.5	NA	0	flower	[]	hett	Hetts
14	2	sentences	0.5	spots	0.5	generic	NA	flower	NA	hett	0
14	2	sentences	0.5	spots	0.5	sometimes	NA	flower	NA	hett	1
14	2	sentences	0.5	spots	0.5	negation	NA	flower	NA	hett	0
14	2	sentences	0.5	spots	0.5	always	NA	flower	NA	hett	0
14	2	sentences	0.5	spots	0.5	usually	NA	flower	NA	hett	0.5
14	3	sentences	0.5	spots	0.5	generic	NA	flower	NA	tig	0
14	3	sentences	0.5	spots	0.5	usually	NA	flower	NA	tig	0.52
14	3	sentences	0.5	spots	0.5	sometimes	NA	flower	NA	tig	1
14	3	sentences	0.5	spots	0.5	always	NA	flower	NA	tig	0
14	3	sentences	0.5	spots	0.5	negation	NA	flower	NA	tig	0
14	4	familiarization	0.5	crest	0.9	NA	0	bird	[]	speff	Speffs
14	5	familiarization	0.9	crest	0.5	NA	0	bird	[]	zop	Zops
14	6	sentences	0.5	crest	0.9	usually	NA	bird	NA	speff	0.99
14	6	sentences	0.5	crest	0.9	always	NA	bird	NA	speff	0.38
14	6	sentences	0.5	crest	0.9	sometimes	NA	bird	NA	speff	0.65
14	6	sentences	0.5	crest	0.9	generic	NA	bird	NA	speff	0.87
14	6	sentences	0.5	crest	0.9	negation	NA	bird	NA	speff	0
14	7	sentences	0.9	crest	0.5	always	NA	bird	NA	zop	0
14	7	sentences	0.9	crest	0.5	sometimes	NA	bird	NA	zop	1
14	7	sentences	0.9	crest	0.5	generic	NA	bird	NA	zop	0
14	7	sentences	0.9	crest	0.5	negation	NA	bird	NA	zop	0
14	7	sentences	0.9	crest	0.5	usually	NA	bird	NA	zop	0.27
14	8	familiarization	0.5	whiskers	0.1	NA	0	fish	[]	mulb	Mulbs
14	9	familiarization	0.1	whiskers	0.5	NA	0	fish	[]	wost	Wosts
14	10	sentences	0.5	whiskers	0.1	usually	NA	fish	NA	mulb	0
14	10	sentences	0.5	whiskers	0.1	sometimes	NA	fish	NA	mulb	0.69
14	10	sentences	0.5	whiskers	0.1	negation	NA	fish	NA	mulb	0.49
14	10	sentences	0.5	whiskers	0.1	always	NA	fish	NA	mulb	0
14	10	sentences	0.5	whiskers	0.1	generic	NA	fish	NA	mulb	0
14	11	sentences	0.1	whiskers	0.5	sometimes	NA	fish	NA	wost	0.79
14	11	sentences	0.1	whiskers	0.5	generic	NA	fish	NA	wost	0
14	11	sentences	0.1	whiskers	0.5	negation	NA	fish	NA	wost	0
14	11	sentences	0.1	whiskers	0.5	usually	NA	fish	NA	wost	0.27
14	11	sentences	0.1	whiskers	0.5	always	NA	fish	NA	wost	0